,Transaction_date,Name,Gender,Email,City,Product_id,Amount_spent
0,2021-03-24,Univ.Prof. Arnim Lübs B.Sc.,F,uhenk@googlemail.com,Aachen,90298004,68.26
1,2021-08-04,Herr Frieder Gorlitz,F,halbers@bruder.com,Mainburg,04081906,69.39
2,2021-06-22,Czeslaw Mans,M,rustzenon@yahoo.de,Lübz,74519705,58.23
3,2021-03-04,Christiane Heuser,M,charlottehiller@gmail.com,Badalzungen,86032292,28.33
4,2021-07-22,Ing. Gunda Jacobi Jäckel B.Eng.,M,xbarkholz@becker.com,Naila,59211815,80.32
5,2021-08-09,Ilja Scholl,F,kunigunde85@gmx.de,Mettmann,43926862,22.59
6,2021-07-03,Jasmina Mitschke,F,salihernst@googlemail.com,Aachen,78609211,72.83
7,2021-07-20,Margarethe Ehlert,F,tomasgiess@yahoo.de,Kamenz,57258072,59.46
8,2021-04-29,Prof. Brunhilde Zahn,F,baumgabi@aol.de,Jessen,79176392,94.27
9,2021-04-23,Univ.Prof. Georg Fritsch B.A.,F,ladeckkaterina@ortmann.de,Marktheidenfeld,44242558,57.72
10,2021-02-01,Univ.Prof. Cetin Höfig,F,salzildiko@siering.com,Stuttgart,83007521,57.79
11,2021-01-07,Kunigunde Trommler,M,uwohlgemut@rogge.de,Waren,24007238,89.17
12,2021-04-28,Carin Neuschäfer B.Eng.,M,butteeberhard@van.de,Lörrach,66767428,81.6
13,2021-06-08,Tadeusz Bähr,F,hassan28@warmer.org,Cloppenburg,80452188,62.21
14,2021-04-07,Svetlana Martin,M,gierschnersandor@birnbaum.net,Darmstadt,82287740,20.8
15,2021-02-02,Jonas Martin,F,melitagunpf@hotmail.de,Erbisdorf,70002881,26.44
16,2021-07-31,Dominic Girschner MBA.,F,obohlander@wilmsen.de,Schwarzenberg,39509291,6.5
17,2021-01-13,Enver Stroh,M,haufferalfredo@gmail.com,Bad Mergentheim,69875670,63.78
18,2021-01-15,Prof. Isolde Werner B.Eng.,M,ignaz30@web.de,Olpe,39083166,26.46
19,2021-03-27,Gitte Ernst-Trub,F,hoelzenbechersami@web.de,Greiz,02646718,96.5
20,2021-01-10,Wera Klotz,F,lmoechlichen@van.de,Mayen,39136435,41.81
21,2021-03-25,Dennis Hartung,M,xscholtz@googlemail.com,Coburg,87096156,55.55
22,2021-01-06,Dr. Sami Klemm,F,lissischmidt@giess.net,Backnang,35540298,97.6
23,2021-06-22,Frank-Peter Zobel,M,konstantinoshuebel@googlemail.com,Neu-Ulm,67809189,12.24
24,2021-07-02,Ing. Aziz Jüttner B.Sc.,F,rbluemel@googlemail.com,Bremervörde,57648941,39.67
25,2021-03-27,Gundi Weller,F,ellyroehrdanz@weller.com,Wittenberg,05429882,34.6
26,2021-05-12,Henriette Trapp-Stumpf,F,textorhans-wilhelm@gmail.com,Coburg,42159735,47.73
27,2021-06-09,Aleksandr Knappe,F,dominic12@scholtz.de,Gräfenhainichen,51023645,47.64
28,2021-04-22,Marliese Mende,M,margrafdorina@googlemail.com,Husum,87730982,38.12
29,2021-08-01,Monja Buchholz,M,madeleinebeckmann@lange.de,Bad Kreuznach,64959689,19.69
30,2021-04-10,Ernest Scholl,F,roskothemilie@gmx.de,Recklinghausen,71541563,51.53
31,2021-04-07,Hans-Erich Junk,F,dklingelhoefer@scholz.com,Plauen,17663687,66.64
32,2021-02-07,Antoinette Pieper B.Sc.,M,albina28@web.de,Holzminden,89459812,71.56
33,2021-07-17,Lotti Stahr MBA.,M,hans-adolfschaefer@wulf.com,Cottbus,59557821,68.78
34,2021-01-08,Rahel Bonbach B.Sc.,M,kay-uwe87@hotmail.de,Ansbach,59000105,54.63
35,2021-01-29,Tillmann Beier-Wagner,F,binnerhasan@conradi.de,Herzberg,71278247,95.2
36,2021-02-17,Alicia Nohlmans B.A.,M,otmarwernecke@gmail.com,Sankt Goar,57575933,16.9
37,2021-05-08,Prof. Robert Stoll,F,jgehringer@aol.de,Gelnhausen,85493483,98.0
38,2021-04-18,Kristian Schmiedecke,F,ulrike42@aol.de,Erkelenz,64048765,74.52
39,2021-05-23,Klaus-Werner Eberth B.Eng.,F,doehnthorben@gmx.de,Reutlingen,30722934,33.19
40,2021-01-29,Reinhilde Thies,M,xgrein-groth@gmail.com,Schwäbisch Hall,56672701,94.15
41,2021-07-30,Xenia Adolph-Gieß,F,rbeyer@googlemail.com,Olpe,53428431,20.11
42,2021-03-28,Frau Yasmin Seidel,F,doeringlilian@hotmail.de,Schwerin,44022242,18.8
43,2021-02-21,Dr. Iwan Zirme B.Eng.,M,baumremo@scheel.com,Brilon,35466246,16.48
44,2021-06-29,Cetin Schuchhardt,F,francescathanel@wulff.org,Bayreuth,57893075,28.19
45,2021-06-28,Hans-Gerd Noack,M,margaret13@fechner.com,Dachau,32189049,69.66
46,2021-01-20,Maja Bolnbach,F,kstahr@aol.de,Viersen,94915716,80.67
47,2021-03-19,Othmar Heuser,F,hildagotthard@hotmail.de,Heinsberg,37196202,21.51
48,2021-04-10,Reinhart Gute,F,julianjohann@krein.org,Beilngries,04904410,76.12
49,2021-02-05,Miroslaw Ullrich,M,falkokostolzin@gutknecht.org,Hettstedt,50548002,12.28
50,2021-07-20,Sieglinde Eckbauer,F,briemermichel@bien.com,Starnberg,73687634,74.92
51,2021-04-15,Wojciech Klotz,F,dinosauer@hotmail.de,Groß-Gerau,00946391,83.7
52,2021-06-22,Ortrud Loos-Killer,F,margittabecker@hotmail.de,Hamburg,39235947,94.45
53,2021-05-14,Herr Antonios Jessel MBA.,F,kreinkorinna@martin.de,Donaueschingen,17925051,76.45
54,2021-04-16,Prof. Goran Langern B.Eng.,M,romanzirme@web.de,Torgau,27438077,15.13
55,2021-03-28,Gabi Höfig,F,leonardo65@gmx.de,Waren,39876874,82.78
56,2021-07-21,Hanife Dippel,M,zeljko15@dussen.de,Vohenstrauß,51703202,30.8
57,2021-04-13,Marie Becker,F,elsabenthin@tintzmann.de,Perleberg,07068942,84.7
58,2021-05-09,Ing. Alexandre Trub MBA.,M,geissleraugusta@kallert.de,Plauen,66433170,72.93
59,2021-01-07,Giesela Heß,F,lvan-der-dussen@googlemail.com,Melle,16906730,14.45
60,2021-06-15,Hans-Henning Löchel,F,tmuehle@gmx.de,Brandenburg,36562169,92.33
61,2021-03-30,Giorgio Kensy,M,ghermighausen@googlemail.com,Bernburg,80799573,70.61
62,2021-01-12,Ruben Zobel-Otto,M,klingelhoefertelse@aol.de,Eggenfelden,29604166,47.69
63,2021-05-27,Veronika Bachmann,M,lisaflantz@weiss.org,Delitzsch,80840855,16.13
64,2021-07-15,Eleni Winkler,F,alma38@schuster.com,Mayen,41148006,37.47
65,2021-04-22,Insa Christoph,M,thereszahn@schleich.com,Berchtesgaden,01545944,12.8
66,2021-01-28,Louis Briemer,M,faruk03@stiffel.de,Sömmerda,18798517,38.19
67,2021-07-01,Frau Fabienne Rudolph B.Sc.,F,isolde09@web.de,Tuttlingen,02437521,70.36
68,2021-05-31,Ing. Susann Hesse,M,nada34@googlemail.com,Ilmenau,79898270,3.8
69,2021-05-10,Prof. Käthe Pergande,F,claus-dieter50@gmail.com,Eisenberg,91785527,57.2
70,2021-02-07,Hans Josef Metz-Heydrich,M,susanne10@googlemail.com,Göppingen,59095996,63.81
71,2021-02-11,Elly Zobel-Kallert,F,okambs@gmail.com,Schongau,67355570,12.99
72,2021-03-15,Leo Girschner MBA.,F,dowergluciano@hotmail.de,Soltau,63642674,66.43
73,2021-07-05,Yilmaz Wesack,F,yflantz@holt.com,Viechtach,84518514,51.15
74,2021-03-12,Dr. Sybilla Knappe B.Eng.,F,shein@gmx.de,Wertingen,78157767,40.98
75,2021-07-31,Ing. Uta Schleich,M,gerlachhiltrud@rosemann.de,Gotha,03914366,26.54
76,2021-03-05,Moritz Kallert,M,tlustekmarten@hentschel.com,Gadebusch,30773103,90.86
77,2021-08-05,Florian Schmidt,M,qkade@aol.de,Neuss,43885909,5.31
78,2021-02-24,Reinhilde Bien B.A.,F,weimerkathi@hess.org,Bad Kreuznach,25967319,62.76
79,2021-06-17,Dragan Pruschke,F,benedikt47@soeding.de,Sankt Goarshausen,40686424,63.39
80,2021-07-01,Ing. Constance Täsche B.Sc.,M,loreruppersberger@mentzel.com,Meißen,21646225,4.74
81,2021-06-02,Herr Marco Hölzenbecher,F,jweller@nerger.com,Stollberg,52726156,56.94
82,2021-02-14,Stanislaus Freudenberger,F,heidrichelisabet@schaefer.de,Osterode am Harz,61183889,94.39
83,2021-07-31,Hedi Austermühle,F,hmartin@googlemail.com,Rudolstadt,11122494,79.58
84,2021-05-07,Constantin Söding-Losekann,F,thorbenschaaf@gmx.de,Ebermannstadt,88487281,13.26
85,2021-03-03,Frank-Peter Hermann,F,cneuschaefer@hethur.de,Finsterwalde,01760569,69.36
86,2021-08-02,Marie-Louise Beyer,F,ingolfmargraf@krebs.com,Günzburg,29237715,24.16
87,2021-04-07,Eduard Heintze-Etzold,M,kroskoth@hotmail.de,Eckernförde,21406942,74.81
88,2021-01-08,Rudi Henck,M,klemmroland@hotmail.de,Lüneburg,61895072,78.7
89,2021-04-02,Guenter Stadelmann,F,qseidel@aol.de,Vilsbiburg,93578493,88.54
90,2021-08-03,Jasmina Stroh,F,kargeradmila@wohlgemut.com,Burgdorf,47600294,69.3
91,2021-03-04,Dr. Nicolas Ernst,M,kasimir82@gmx.de,Wanzleben,99970284,24.88
92,2021-08-06,Kristina Wende,F,rkitzmann@suessebier.com,Saarlouis,78770942,92.68
93,2021-03-04,Mathias Fischer,F,olav09@seip.org,Hansestadttralsund,33725994,70.6
94,2021-02-02,Alwin Gehringer,M,whahn@gmail.com,Dresden,23098954,96.12
95,2021-03-04,Adelheid Häring,F,valeripreiss@aol.de,Eisenberg,00200462,23.12
96,2021-04-17,Mahmut Wohlgemut,M,timo79@steinberg.com,Backnang,58715017,29.77
97,2021-01-07,Nermin Junck,M,nielsspeer@gmail.com,Kassel,30349483,6.45
98,2021-01-19,Ing. Dorle Thies,M,mariechen28@gmail.com,Darmstadt,62320160,92.43
99,2021-08-07,Willibert Dowerg,M,xkoch@gmail.com,Uelzen,35530138,42.34
100,2021-04-29,Karl-Werner Geisler B.Eng.,F,wliebelt@aol.de,Neustadt am Rübenberge,38441189,6.76
101,2021-04-24,Ingeborg Killer B.Sc.,M,sschinke@gmx.de,Hansestadttralsund,39963567,81.21
102,2021-06-21,Dipl.-Ing. Sigrid Weinhold B.Eng.,F,khering@junken.de,Neustadt am Rübenberge,62313087,85.6
103,2021-03-18,Marijan Finke,F,schweitzeraugust@aol.de,Aschaffenburg,59345640,78.61
104,2021-01-02,Aloisia Trub,F,margaretharing@yahoo.de,Hansestadttralsund,27871195,52.59
105,2021-07-10,Mirjana Rogge,M,binnerlilija@eberth.de,Viechtach,36404490,45.4
106,2021-07-14,Stanislaw Trommler,F,milica23@beier.de,Wolgast,58776339,44.63
107,2021-01-18,Pia Geisler MBA.,F,konstanze57@henschel.de,Bitterfeld,51789718,53.13
108,2021-03-26,Wolfhard Grein Groth,F,ppergande@roht.com,Forchheim,15560445,3.34
109,2021-03-05,Saskia Karz MBA.,F,friedberttroest@meyer.de,Bersenbrück,83036613,20.85
110,2021-03-16,Otfried Barkholz,M,samizirme@hotmail.de,Dresden,97756125,37.44
111,2021-06-22,Ing. Viktoria Matthäi MBA.,F,nroehrdanz@steckel.org,Stadtsteinach,74277711,4.95
112,2021-04-06,Milan Berger,M,britt01@eigenwillig.org,Feuchtwangen,22239860,83.44
113,2021-07-26,Hans-Gerhard Rohleder,M,qkobelt@faust.com,Celle,10243619,63.28
114,2021-01-02,Wojciech Kruschwitz,F,gundel35@hotmail.de,Duderstadt,93626590,96.37
115,2021-07-13,Ann Süßebier B.Sc.,F,rahel42@googlemail.com,Celle,66374251,39.12
116,2021-07-06,Dipl.-Ing. Alexa Tlustek B.Eng.,F,walterleni@gierschner.de,Hagenow,72994894,15.83
117,2021-02-12,Darius Henck,F,rtlustek@stahr.com,Cuxhaven,76426001,78.7
118,2021-01-21,Ing. Arne Hauffer,F,korinna05@gmail.com,Leipziger Land,67743209,21.34
119,2021-01-22,William Hiller-Möchlichen,F,wesackmechtild@weiss.com,Stadtroda,67541652,62.31
120,2021-03-05,Brita Dobes B.A.,M,bsauer@googlemail.com,Göttingen,62395298,56.74
121,2021-04-18,Friedrich-Karl Schuchhardt,M,marlenebuchholz@aol.de,Jüterbog,61194182,70.62
122,2021-01-29,Carl Thanel,F,ludmila08@huhn.net,Schwerin,12211876,83.65
123,2021-01-28,Sebastian Winkler B.Eng.,F,margot27@yahoo.de,Staßfurt,90705700,55.3
124,2021-06-09,Jutta Henk,F,ellinorgirschner@noack.org,Flöha,29052295,33.28
125,2021-02-25,Willibald Römer,M,zoltan15@gmail.com,Neustadt am Rübenberge,53215116,93.18
126,2021-06-21,Kunigunda Ullmann,M,mhofmann@bonbach.com,Bersenbrück,74024346,35.75
127,2021-07-01,Marie Reuter,M,cengizgotthard@hotmail.de,Rehau,92742888,89.8
128,2021-05-14,Ekkehard Neuschäfer B.Eng.,F,abraham30@henck.com,Weißenfels,73452430,74.32
129,2021-06-30,Dan Kusch,M,zeljkokitzmann@hotmail.de,Saulgau,43899685,50.29
130,2021-05-12,Mechthild Gröttner,M,glangern@holsten.com,Zossen,23079830,47.69
131,2021-04-15,Frau Magda Eckbauer B.Eng.,M,petzold@gmail.com,Nürtingen,63856910,32.2
132,2021-03-03,Helfried Fröhlich,M,niemeierannelies@web.de,Schwäbisch Hall,40990170,88.66
133,2021-07-06,Prof. Edeltraud Häring B.Sc.,M,rabeaplath@ladeck.de,Sebnitz,20562588,72.54
134,2021-07-24,Dr. Annelore Wulf B.Eng.,M,fischerhans@hotmail.de,Belzig,80601470,9.32
135,2021-03-20,Anneke Hänel B.Eng.,F,wagenknechtortwin@ditschlerin.de,Höxter,61189218,86.9
136,2021-01-18,Valentine Stoll,M,tsteckel@schulz.org,Passau,75112585,80.46
137,2021-03-27,Sepp Sauer,M,ivanakaester@web.de,Heiligenstadt,43485956,48.58
138,2021-06-11,Eitel Wagenknecht B.Sc.,F,heinzbaerbel@googlemail.com,Sigmaringen,27442586,85.61
139,2021-07-20,Dimitri Süßebier,F,rholzapfel@paffrath.de,Grevenbroich,09319516,82.3
140,2021-05-27,Regine Kallert-Rudolph,M,weisscaecilie@hartung.com,Lobenstein,75935757,58.52
141,2021-04-04,Detlev Höfig B.Sc.,M,gerhart00@drubin.de,Vilsbiburg,38251481,77.1
142,2021-01-11,Centa Baum-Henschel,M,resiholt@muelichen.net,Calw,48186766,75.64
143,2021-02-19,Katarina Stumpf,F,paul-gerhard28@winkler.org,Iserlohn,10466476,14.5
144,2021-04-29,Annekatrin Trüb,F,hilleramanda@otto.com,Göppingen,79365857,31.49
145,2021-07-13,Catrin Wesack,M,groettneremmy@web.de,Soltau,79949859,39.11
146,2021-02-06,Mikhail Fischer,M,mwalter@sauer.org,Holzminden,49342314,81.6
147,2021-04-23,Prof. Luisa Nette,F,steckelimmo@junken.org,Neu-Ulm,49223293,72.4
148,2021-07-08,Burkhardt Wesack-Fliegner,F,xsoeding@yahoo.de,Feuchtwangen,23418851,96.65
149,2021-05-01,Natalija Spieß,M,biggennico@weihmann.org,Roth,55443395,73.33
150,2021-06-08,Jurij Thanel,M,kuehnerthans-joachim@schaefer.org,Staßfurt,31742504,49.5
151,2021-08-08,Karl-Georg Jacob-Oestrovsky,F,roggelieselotte@yahoo.de,Bad Brückenau,42102113,45.15
152,2021-04-05,Pawel Holzapfel,F,van-der-dussenmarija@herrmann.com,Prenzlau,87809688,45.58
153,2021-02-10,Frieda Heinrich,M,ebertgislinde@reising.de,Hamburg,11573524,19.89
154,2021-05-23,Traude Klotz,M,constantinschenk@aol.de,Geldern,16614796,78.92
155,2021-01-20,Annelise Kensy-Pohl,F,reinhildesuessebier@stroh.com,Bruchsal,26812922,93.2
156,2021-05-09,Yvonne Pechel,F,hendriksivonne@web.de,Bogen,57488592,70.91
157,2021-07-20,Romy Drewes-Stiffel,M,beckerflorian@carsten.com,Auerbach,02852034,32.0
158,2021-04-06,Arno Mielcarek,F,abachmann@gmx.de,Jülich,44668747,79.81
159,2021-08-03,Joachim Eberth,F,donaldfaust@aol.de,Grevesmühlen,43852512,29.5
160,2021-03-12,Carmelo Gierschner,F,alexandra35@gmail.com,Höxter,31393027,88.49
161,2021-05-15,Dr. Helmtrud Gorlitz,M,heidelindeklingelhoefer@googlemail.com,Soltau,85829480,8.97
162,2021-03-28,Hilmar Paffrath-Lindau,M,qmeister@zirme.com,Greiz,97831761,4.83
163,2021-01-29,Jörgen Höfig B.Sc.,M,anneliholt@bien.org,Bad Kreuznach,24434409,66.18
164,2021-05-03,Univ.Prof. Traugott Jäkel,M,magareteharloff@hotmail.de,Göttingen,97059851,74.44
165,2021-01-24,Ljiljana Schmiedecke,F,peukerthelmut@mies.de,Hettstedt,10729311,25.4
166,2021-05-12,Freya Zimmer-Fritsch,M,heinz-guenther69@mude.net,Böblingen,46165688,37.47
167,2021-01-10,Frau Geza Briemer B.Eng.,M,trudi91@yahoo.de,Kötzting,73061137,25.34
168,2021-05-18,Uwe Sauer,M,pohlemilie@gmx.de,Schwarzenberg,66381396,41.66
169,2021-04-08,Ira Reichmann,M,anneli03@googlemail.com,Olpe,42766773,26.12
170,2021-06-28,Zoran Heintze,F,gtrueb@gunpf.org,Saarlouis,73710141,3.25
171,2021-03-18,Dr. Georgine Gumprich,M,katygerlach@googlemail.com,Gifhorn,16243811,82.94
172,2021-05-18,Ivonne Karge-Zirme,F,uteditschlerin@kallert.de,Wolgast,64444185,10.98
173,2021-06-18,Henrike Kambs-Albers,M,rennergalina@mohaupt.de,Ludwigslust,83900143,28.52
174,2021-03-10,Univ.Prof. Maria-Luise Rohleder,M,wagenknechtbernd-dieter@yahoo.de,Vechta,60402608,72.98
175,2021-03-02,Wilma Biggen-Hofmann,M,kjunitz@lorch.de,Mettmann,93114349,17.17
176,2021-07-26,Arnim Säuberlich,M,scholtzeberhardt@fiebig.de,Saulgau,02699745,65.37
177,2021-02-23,Wieslaw Drubin-Dowerg,F,steysusanne@kobelt.de,Groß-Gerau,79489638,12.15
178,2021-02-24,Dr. Siegrun Anders B.Eng.,F,kay-uwe60@yahoo.de,Miesbach,20601386,57.17
179,2021-05-22,Branka Bloch,F,walter56@yahoo.de,Altentreptow,19977324,63.22
180,2021-04-27,Sieghard Scholz,M,heinowagner@gmail.com,Osterode am Harz,68451820,25.63
181,2021-01-20,Canan Gröttner-Bonbach,F,bmaelzer@mies.de,Hammelburg,50349722,4.46
182,2021-01-19,Dr. Juergen Matthäi MBA.,M,larissa43@striebitz.org,Sangerhausen,43845132,3.6
183,2021-04-11,Prof. Winfried Reuter,M,rouven17@yahoo.de,Hohenstein-Ernstthal,35296676,57.5
184,2021-05-27,Heribert Köhler-Kitzmann,F,wolfgang87@yahoo.de,Miesbach,97095682,62.49
185,2021-01-27,Hans Josef Dowerg,F,ihoffmann@googlemail.com,Eichstätt,87266771,49.94
186,2021-02-28,Lara Huhn,F,ewagnatz@gotthard.com,Tirschenreuth,22526946,22.81
187,2021-03-20,Dr. Catharina Renner,F,cosimobiggen@loeffler.de,Hofgeismar,59915430,49.32
188,2021-08-05,Adelheid Tschentscher,M,klaus-juergensuessebier@klemt.de,Wetzlar,98864324,28.88
189,2021-01-06,Bernfried Stahr MBA.,M,richard63@plath.com,Bayreuth,25322958,32.66
190,2021-01-15,Klothilde Holsten,F,canders@wende.com,Merseburg,64548906,65.18
191,2021-05-29,Fadime Stiebitz,F,elfibeyer@mitschke.com,Schwerin,40118642,32.61
192,2021-04-27,Ing. Angela Weimer MBA.,M,ruppersbergerelise@googlemail.com,Sternberg,54825161,70.59
193,2021-04-01,José Neureuther,F,ljubicakohl@schwital.org,Heinsberg,61273047,71.57
194,2021-04-16,Prof. Wolf Thies,M,frank-michael97@groettner.de,Einbeck,60035691,91.38
195,2021-03-16,Sofia Putz MBA.,F,gregor99@paffrath.com,Calau,00823517,96.72
196,2021-02-27,Hans-Rainer Bohnbach,F,oconradi@hotmail.de,Miesbach,58308646,28.59
197,2021-01-08,Alessandro Eberth,F,seifertedelbert@loeffler.org,Querfurt,28349099,91.26
198,2021-07-24,Eckehard Ruppersberger,F,karl-hans20@gmx.de,Ludwigsburg,94908305,17.57
199,2021-06-27,Prof. Veronica Schinke,M,sergejkruschwitz@web.de,Mellrichstadt,13042592,55.38
200,2021-03-19,Jasmin Freudenberger,F,ritterjanus@web.de,Bremervörde,11181316,46.53
201,2021-02-07,Herr Friedhold Heser B.Sc.,F,wmies@gmx.de,Nabburg,18263800,29.93
202,2021-03-12,Curt Metz-Anders,F,nkaester@hoefig.com,Görlitz,81519422,15.13
203,2021-05-04,Tadeusz Jessel,F,jens-peterstaude@adolph.de,Mühldorf am Inn,97557326,86.4
204,2021-03-15,Franz-Josef Drub,F,oschenk@aol.de,Vechta,92250963,57.56
205,2021-05-15,Helmtrud Häring,M,bolanderhanns@raedel.de,Badalzungen,97074137,38.69
206,2021-04-06,Frau Luka Gertz,M,oskar94@vollbrecht.com,Brilon,04381402,81.94
207,2021-05-03,Jennifer Eberth-Reichmann,M,drubjohannes@heuser.com,Döbeln,75131098,12.65
208,2021-07-20,Frau Claire Christoph B.Eng.,M,franz-josefhein@yahoo.de,Wismar,20376444,73.2
209,2021-07-28,Ercan Christoph,M,darko17@hoefig.de,Sankt Goar,65884607,65.21
210,2021-07-16,Ing. Maritta Finke MBA.,M,natascha67@loechel.de,Großenhain,86780919,83.13
211,2021-05-30,Ing. Richard Aumann MBA.,F,loechelmargaretha@kusch.org,Schrobenhausen,95058290,91.82
212,2021-03-13,Orhan Striebitz B.A.,F,ischacht@gmail.com,Eggenfelden,06692353,23.66
213,2021-01-14,Christin Franke-Girschner,F,wera33@hettner.net,Nauen,14778872,44.9
214,2021-05-21,Guenther Geißler,F,zbigniewlinke@web.de,Leipziger Land,47607385,96.75
215,2021-01-08,Hanny Junck,F,saeuberlichkornelius@web.de,Schongau,31653640,84.15
216,2021-04-08,Hans-Bernd Reuter-Stiebitz,F,oliverbohnbach@rohleder.com,Karlsruhe,80809975,77.41
217,2021-03-05,Frau Nelly Keudel,F,hansjoachimruppert@loeffler.de,Böblingen,76688997,43.89
218,2021-05-03,Frau Susi Schuchhardt,F,meinolf86@yahoo.de,Haldensleben,67535118,25.27
219,2021-07-28,Dr. Isabel Adolph,F,valeskagumprich@eberhardt.de,Helmstedt,42819226,89.95
220,2021-07-07,Moritz Metz,F,monica96@rust.com,Neuruppin,28641575,75.83
221,2021-02-28,Adolf Geisler,M,zobelannelise@grein.com,Calau,33799889,92.59
222,2021-07-14,Ing. Luise Mohaupt MBA.,M,pfreudenberger@fliegner.com,Bayreuth,78076907,74.57
223,2021-08-01,Ralf-Peter Dörschner-Hermann,F,efliegner@gmx.de,Querfurt,42134725,59.84
224,2021-01-28,Milena Ruppert,M,heinz-ottokobelt@gute.com,Viechtach,01263244,43.41
225,2021-07-16,Univ.Prof. Traude Gnatz,F,wetzold@web.de,Bruchsal,16269644,64.6
226,2021-01-16,Frau Hannchen Döring B.A.,F,msoelzer@hotmail.de,Ingolstadt,56451436,50.77
227,2021-04-23,Horst-Peter Kaul,F,arnewarmer@yahoo.de,Bernburg,13299781,73.63
228,2021-02-08,Roman Briemer,F,fwilmsen@aol.de,Aachen,72045251,72.83
229,2021-03-06,Dr. Hannes Hörle B.A.,F,zpechel@googlemail.com,Reutlingen,47254510,94.79
230,2021-02-07,Klemens Weinhage-Röhrdanz,F,knud09@googlemail.com,Rathenow,90701085,10.12
231,2021-04-14,Käthi Matthäi MBA.,F,aennelangern@schomber.de,Stade,40196824,88.65
232,2021-03-13,Yusuf Christoph,F,kwinkler@web.de,Regen,35922551,66.99
233,2021-02-02,Elfi Döring,F,dehmeljosephine@soeding.de,Altötting,59644750,74.98
234,2021-02-26,Marina Dörschner,M,ayten86@hotmail.de,Miesbach,01257281,7.5
235,2021-05-27,Katharina Bolander-Mohaupt,M,lukas79@hotmail.de,Staffelstein,62081443,62.43
236,2021-04-06,Mirja Biggen MBA.,M,loewerpatricia@becker.de,Eckernförde,86015738,23.8
237,2021-01-13,Klaus-Jürgen Seip,F,steyfriedhold@rosemann.de,Reutlingen,97031635,70.33
238,2021-06-29,Gerlind Schenk,F,sabriadler@hertrampf.de,Neuss,50632053,73.49
239,2021-02-08,Stjepan Bloch,M,ruppertkreszentia@web.de,Havelberg,32426748,21.43
240,2021-07-12,Ekkehart Kühnert B.Eng.,F,eroskoth@hotmail.de,Schleiz,70101607,45.48
241,2021-03-30,Anja Ullrich,M,ascheuermann@wirth.com,Fürstenfeldbruck,22846655,41.9
242,2021-04-07,Univ.Prof. Augustin Binner B.Eng.,M,sieringeggert@yahoo.de,Güstrow,60753359,55.11
243,2021-05-28,Meral Heinrich-Weinhold,M,anatoli97@baerer.de,Beeskow,69428487,15.34
244,2021-04-10,Klemens Bloch,M,ejaehn@gmail.com,Altötting,77059789,45.87
245,2021-01-22,Gesine Süßebier-Bohnbach,M,kaethihellwig@yahoo.de,Nauen,12317370,90.7
246,2021-03-13,Marie Bolzmann,F,bachmannaziz@yahoo.de,Rudolstadt,03893432,34.13
247,2021-03-28,Ing. Hans Metz,F,constanzebirnbaum@gmx.de,Jessen,65051436,66.41
248,2021-01-18,Franz-Josef Barth,M,antje28@web.de,Bernburg,45650840,42.73
249,2021-02-15,Franz Josef Heintze-Ullrich,M,bekir28@wagner.net,Waldmünchen,78876613,85.91
250,2021-07-05,Antje Dobes,M,paulflantz@hartung.de,Suhl,49578423,78.9
251,2021-02-22,Malte Wernecke,F,leonjacob@gmx.de,Oschatz,00915045,37.33
252,2021-06-03,Dursun Seifert,F,raedelhermine@kramer.org,Bautzen,97617839,50.6
253,2021-08-09,Raimund Müller,M,cilli55@web.de,Plauen,82795016,44.46
254,2021-08-07,Korbinian Gutknecht,M,edda14@kohl.de,Gifhorn,98233847,36.82
255,2021-07-15,Geza Scholz,M,albersjoerg@web.de,Lörrach,27129715,9.9
256,2021-04-30,Amir Killer,M,henckrotraut@kuehnert.com,Roth,88078496,91.2
257,2021-04-24,Dimitrios Stey,F,gieselaharloff@aol.de,Lörrach,82760908,45.91
258,2021-04-23,George Oderwald B.Sc.,F,lore82@heinz.de,Kelheim,83856181,5.41
259,2021-06-10,Diethard Köster,M,ukranz@aol.de,Beeskow,25089066,43.67
260,2021-06-26,Hans-Hinrich Wieloch,F,andypatberg@zirme.com,Nördlingen,68121655,27.52
261,2021-03-06,Heinz-Peter Anders,F,ibohlander@pruschke.de,Rostock,40530383,63.39
262,2021-03-23,Aloisia Zahn,F,satzler@meyer.net,Sulzbach-Rosenberg,17047494,92.64
263,2021-07-05,Hiltrud Roht,F,ladeckfrank-peter@gmail.com,Brandenburg,93757980,1.22
264,2021-05-20,Matteo Trubin-Löwer,F,carstenalexandra@van.de,Hechingen,17914451,87.26
265,2021-05-03,Anna Klotz-Ziegert,M,imosemann@gmail.com,Delitzsch,76446658,11.72
266,2021-01-10,Bernhard Stiebitz,M,nrohleder@yahoo.de,Havelberg,38835698,48.2
267,2021-06-27,Dipl.-Ing. Wally Drewes,F,reimer91@hotmail.de,München,36581337,9.38
268,2021-07-13,Henryk Caspar,F,girschnerfrank-peter@gmx.de,Hechingen,94182699,99.61
269,2021-05-14,Nikolas Jäkel B.Sc.,F,bertramschaefer@aol.de,Neustadt am Rübenberge,53641861,32.81
270,2021-05-22,Frau Margarete Schuchhardt B.Sc.,M,crohleder@gmx.de,Rochlitz,53416391,93.52
271,2021-06-28,Folkert Kohl,F,dkrause@gmail.com,Jessen,84826039,28.91
272,2021-04-29,Salih Huhn B.A.,F,jroerricht@aol.de,Northeim,78815087,64.1
273,2021-02-11,German Sontag B.Sc.,M,claas76@stiffel.org,Worbis,11310389,29.58
274,2021-03-15,Hedda Johann,M,hessivan@naser.com,Dachau,68883959,20.45
275,2021-06-15,Catrin Jäntsch,M,adamaumann@hering.com,Hohenmölsen,83962752,16.57
276,2021-02-11,Ottomar Barth,F,katherina98@gmail.com,Schleiz,98400843,53.7
277,2021-07-21,Madlen Trub,F,theres07@gmail.com,Weißenfels,20598235,34.68
278,2021-04-15,Laura Zobel-Heinz,M,wallybiggen@hotmail.de,Marktheidenfeld,96400166,87.25
279,2021-02-03,Univ.Prof. Hannelore Biggen MBA.,F,karl-peter95@gmx.de,Brand,75667290,25.13
280,2021-05-10,Ingbert Rogge B.Sc.,M,erica75@schleich.com,Bad Kreuznach,24098397,3.67
281,2021-04-07,Iris Wilms,F,gerda22@web.de,Pinneberg,64480251,53.43
282,2021-02-13,Margarethe Rosenow,F,klaudiadoerr@jopich.com,Brand,68020279,26.78
283,2021-02-21,Jacob Eigenwillig,F,brunofritsch@gmail.com,Neunburg vorm Wald,44393489,66.44
284,2021-07-13,Elsbeth Weller,M,diethardvan-der-dussen@yahoo.de,Bad Kissingen,60073600,7.88
285,2021-04-09,Dipl.-Ing. Witold Koch II B.Eng.,F,drohleder@pieper.com,Lüneburg,28723868,57.15
286,2021-06-26,Franz-Josef Ebert,M,ildiko69@stroh.de,Gifhorn,63066180,25.68
287,2021-01-12,Yvonne Bloch-Kreusel,F,scholzabram@fischer.de,Gütersloh,55492492,2.6
288,2021-01-31,Rotraut Ditschlerin,F,friedhelm48@rose.org,Gießen,72890684,16.72
289,2021-04-12,Evangelia Reising,M,carsten06@gmx.de,Hansestadttralsund,01091182,20.13
290,2021-05-07,Edeltrud Ruppersberger,F,hannovan-der-dussen@web.de,Magdeburg,44683849,9.75
291,2021-01-12,Herma Jäkel-Ortmann,F,xweinhage@gmail.com,Genthin,53928245,50.69
292,2021-06-30,Ludmilla Atzler B.A.,F,hans-hinrich06@hotmail.de,Eutin,04373674,97.93
293,2021-07-23,Luitgard Bolzmann B.A.,M,camillahaase@geisel.org,Rastatt,11825814,50.68
294,2021-05-13,Herr Fredo Hermann,F,tsiering@yahoo.de,Hettstedt,85496941,13.62
295,2021-01-13,Kristian Zahn,M,rohledernadine@hotmail.de,Husum,54672239,40.0
296,2021-03-18,Gabi Knappe,M,heinz-joachim10@aol.de,Wittstock,33182988,63.93
297,2021-04-06,Toralf Klemt,M,lmueller@steckel.net,Eisenberg,52662409,63.21
298,2021-04-20,Mechthild Warmer B.A.,F,wpaffrath@hartung.de,Hünfeld,89781371,61.3
299,2021-03-08,Dr. Alma Ullrich,M,wesackpeter-michael@schmiedt.de,Neubrandenburg,04526186,66.71
300,2021-05-04,Kristina Fritsch,F,heiko68@foerster.net,Saarbrücken,05187287,15.44
301,2021-06-30,Barbara Scholz,M,rosenowpawel@web.de,Zossen,61009462,66.9
302,2021-05-02,Prof. Thaddäus Gieß B.Eng.,M,aleksander08@aol.de,Neustrelitz,31247825,89.64
303,2021-01-20,Abdullah Conradi,F,martin07@yahoo.de,Regen,65689653,41.71
304,2021-01-27,Rahel Pohl,M,rita82@lange.org,Wernigerode,09505292,42.8
305,2021-05-03,Dipl.-Ing. Hilda Seifert,M,bluemeljennifer@hofmann.de,Kyritz,49035438,74.84
306,2021-05-27,Ruth Fritsch,F,jozefbien@googlemail.com,Sigmaringen,06197469,33.55
307,2021-07-29,Vladimir Huhn,F,esoeding@gmx.de,Lörrach,27815199,79.26
308,2021-03-19,Fred Stey,M,claudio29@kade.de,Lemgo,72558683,82.12
309,2021-01-14,Erna Kitzmann,F,schweitzerfriederike@holsten.de,Passau,83856655,62.78
310,2021-06-22,Dipl.-Ing. Alla Bonbach,M,mseifert@gmx.de,Sternberg,75644123,95.74
311,2021-07-10,Kunigunde Kallert MBA.,M,domenico31@yahoo.de,Starnberg,03119631,95.37
312,2021-08-05,Nikolaj Gotthard,M,steyerika@bohlander.com,Bad Brückenau,06254469,16.33
313,2021-03-13,Univ.Prof. Jasmin Hande,F,isabellajaehn@googlemail.com,Malchin,71298597,26.3
314,2021-03-09,Ioannis Gorlitz,M,mbloch@yahoo.de,Holzminden,56369762,18.38
315,2021-06-11,Dipl.-Ing. Hans-Eberhard Fiebig B.A.,F,bolanderjuri@stroh.net,Seelow,87841664,80.97
316,2021-02-06,Albertine Dippel B.A.,M,ksalz@bohlander.com,Plauen,18923704,73.15
317,2021-07-29,Dipl.-Ing. Mirko Pechel,M,rigo60@mueller.com,Kelheim,50800094,93.6
318,2021-08-03,Ing. Niels Ziegert,M,cchristoph@aol.de,Kusel,25901245,68.77
319,2021-07-22,Zeljko Trommler,F,ricardojacobi-jaeckel@gertz.com,Scheinfeld,35178903,28.82
320,2021-04-17,Robin Kensy,F,sibyllebeer@hotmail.de,Eisenach,10421444,40.3
321,2021-03-24,Jennifer Scheel,M,qziegert@yahoo.de,Worbis,02127415,58.8
322,2021-07-24,Frieder Köster,M,siegridpatberg@gmx.de,Grevesmühlen,30241206,3.18
323,2021-02-14,Ralph Misicher-Ackermann,M,babett92@hotmail.de,Mayen,18975826,93.95
324,2021-07-09,Inken Nohlmans,M,haaseannamaria@gmx.de,Erbisdorf,31230698,94.87
325,2021-06-16,Ryszard Schuchhardt-Klotz,F,preissryszard@gmail.com,Berlin,37171070,48.83
326,2021-03-05,Stella Trupp,M,reinhardtalfonso@gmx.de,Peine,18763614,91.11
327,2021-05-29,Sinaida Austermühle,F,hettnerclarissa@googlemail.com,Halberstadt,24795166,16.85
328,2021-03-19,Canan Dowerg-Reuter,F,steinbergluigi@aol.de,Lippstadt,53778932,56.43
329,2021-06-08,Artur Wernecke,F,reginatroest@gmail.com,Rehau,54872950,91.42
330,2021-01-04,Hanspeter Seip,M,junckenhelmuth@gmx.de,Neustadtner Waldnaab,01619126,36.61
331,2021-05-04,Ing. Fredy Jacob B.Sc.,F,ugeisel@web.de,Säckingen,48697514,73.52
332,2021-01-23,Cilli Kaul,F,fridolin74@holt.de,Worbis,40975573,39.32
333,2021-06-17,Georgios Buchholz,F,adlereduard@mende.com,Fulda,77371690,33.24
334,2021-02-09,Mark Bien,M,adolphmilica@sager.com,Celle,47565036,9.48
335,2021-06-27,Kriemhild Lehmann,F,elif22@googlemail.com,Bruchsal,84049902,72.29
336,2021-07-18,Katerina Ruppert,F,walter28@speer.de,Crailsheim,16805729,86.43
337,2021-01-18,Stephen Wilmsen,F,waldemar83@boerner.com,Cuxhaven,93513296,10.74
338,2021-02-03,Gundel Putz MBA.,F,mtrapp@junck.org,Ochsenfurt,67767762,55.57
339,2021-02-16,Fernando Junitz B.Sc.,M,zeynepeberth@henk.de,Auerbach,84628961,11.7
340,2021-03-31,Radmila Thanel,F,brian88@doerr.com,Arnstadt,18665864,75.76
341,2021-05-13,Dipl.-Ing. Rose-Marie Drewes,M,ehlertbaerbel@kade.de,Miltenberg,75251321,16.16
342,2021-03-02,Hubertus Hartmann,F,jnette@drub.net,Teterow,88281315,70.43
343,2021-01-19,Astrid Lübs,M,karolagumprich@christoph.de,Kusel,23906167,33.19
344,2021-07-20,Susanna Bauer MBA.,F,cemilheuser@reichmann.com,Perleberg,17928427,40.3
345,2021-07-22,Laurenz Hein,M,shoefig@biggen.de,Bischofswerda,66012887,63.79
346,2021-01-24,Melita Bolnbach B.Eng.,M,ringsybilla@auch.de,Fürstenwalde,65934562,35.84
347,2021-03-24,Traudl Dehmel,F,heydricheleni@moechlichen.de,Neustadtner Waldnaab,39487933,47.92
348,2021-06-28,Centa Stoll,M,gisbertjungfer@yahoo.de,Zossen,77512468,19.51
349,2021-06-23,Boris Lange,F,binnerjosefine@web.de,Strausberg,83763595,73.56
350,2021-04-03,Dr. Matthäus Seifert,F,hubertusscheel@web.de,Garmisch-Partenkirchen,27467930,82.56
351,2021-03-30,Silvana Tintzmann,M,torstengeissler@googlemail.com,Sankt Goarshausen,73729570,1.31
352,2021-03-22,Lieselotte Berger,M,junckenclaire@fechner.de,Parchim,87148640,43.43
353,2021-07-02,Fredi Zänker B.A.,M,kostolzincarla@web.de,Belzig,90078439,37.16
354,2021-03-22,Ing. Sedat Linke,F,amir87@waehner.net,Gardelegen,71952918,27.8
355,2021-02-18,Andree Tintzmann,M,wagenknechtguenter@hotmail.de,Dinkelsbühl,44550509,14.53
356,2021-07-15,Lilly Gerlach,M,ulibruder@aol.de,Grimmen,38285110,5.85
357,2021-01-18,Rosalinde Vollbrecht,M,lieselrust@bolnbach.com,Scheinfeld,09258976,29.13
358,2021-08-08,Herr Tomasz Stiffel,F,karl-otto81@baum.de,Gräfenhainichen,23709256,47.51
359,2021-03-19,Ing. Belinda Koch II,F,eigenwilligkarl-heinrich@gmx.de,Hannoversch Münden,75837884,33.63
360,2021-04-21,Herr Thaddäus Geißler B.Eng.,M,kaete24@gmx.de,Ludwigslust,44946975,90.21
361,2021-07-29,Prof. Christof Krebs MBA.,F,johann34@yahoo.de,Koblenz,69843600,95.11
362,2021-01-27,Prof. Dirk Weihmann,F,kschoenland@gmail.com,Bad Brückenau,90387180,1.38
363,2021-06-29,Univ.Prof. Siegmar Schweitzer B.Sc.,M,roehrdanzhildegunde@schuchhardt.de,Schwandorf,28708315,24.34
364,2021-04-04,Johanne Thies-Kuhl,M,grust@ullmann.net,Eichstätt,74700301,9.27
365,2021-01-14,Mirja Mude,F,urte83@gmail.com,Cuxhaven,97761891,47.28
366,2021-01-26,Ing. Heidi Martin,M,constancelangern@henk.de,Husum,16182677,89.3
367,2021-06-18,Samuel Koch,F,klaudia63@googlemail.com,Perleberg,05716678,45.95
368,2021-02-07,Helen Mühle,F,ritterbrigitte@web.de,Kronach,74053896,95.98
369,2021-05-05,Ludwina Hauffer,M,nhellwig@yahoo.de,Aue,78267879,51.31
370,2021-02-26,Anika Krebs,F,uhecker@kraushaar.com,Einbeck,75725334,6.71
371,2021-07-19,Dipl.-Ing. Heide-Marie Mosemann,F,waldtrautbloch@klemt.com,Pinneberg,10496749,77.2
372,2021-03-28,Liane Löchel,M,giesela65@gmail.com,Aachen,21041419,4.36
373,2021-02-20,Jan-Peter Vollbrecht,M,doerrkarl-dieter@hotmail.de,Hainichen,44471866,34.15
374,2021-04-19,Silvana Kreusel,F,doerschnerhans-friedrich@steckel.com,Osterode am Harz,19677279,34.11
375,2021-05-13,Gordana Kobelt-Kroker,M,pergandeyasemin@web.de,Werdau,55274678,36.16
376,2021-03-13,Roland Bärer B.A.,F,jacobroemer@web.de,Crailsheim,96614587,25.4
377,2021-04-10,Kazim Trommler,M,vjacobi-jaeckel@web.de,Badoberan,34431993,75.37
378,2021-04-23,Freya Scheuermann B.Eng.,F,hellmuth43@stroh.de,Saarbrücken,57771694,40.24
379,2021-04-21,Adalbert Mude,F,elke40@hotmail.de,Marktheidenfeld,67621378,40.74
380,2021-03-12,Dipl.-Ing. Alex Bloch B.A.,F,xauch-schlauchin@hellwig.com,Beeskow,70912357,83.34
381,2021-03-28,Laura Hecker,F,cseip@aol.de,Zeulenroda,71501994,41.35
382,2021-03-28,Sigfried Pruschke,F,tilo49@plath.net,Dresden,47185029,39.23
383,2021-03-27,Reimund Klingelhöfer,F,liobagute@rust.com,Klötze,86524001,52.23
384,2021-01-16,Natali Patberg,F,janos42@koch.de,Lübz,03092583,74.88
385,2021-02-18,Ing. Miguel Bonbach,M,grein-grothkatalin@googlemail.com,Bad Langensalza,38345685,54.83
386,2021-03-13,Herr Ahmad Schleich B.A.,M,andersagatha@aol.de,Eutin,98583027,45.86
387,2021-05-22,Prof. Margret Riehl,F,abdulpaffrath@gmx.de,Lippstadt,99897758,50.55
388,2021-05-29,Emine Adler,M,christophpeter-michael@seip.com,Dinkelsbühl,99122089,94.21
389,2021-04-29,Andy Mans,F,albershenny@gmx.de,Ochsenfurt,37695644,54.6
390,2021-03-09,Lilo Bonbach B.Eng.,M,ira34@hotmail.de,Kamenz,46862600,77.55
391,2021-06-24,Dipl.-Ing. Josefine Schleich,F,kbirnbaum@matthaei.de,Dachau,83167218,93.51
392,2021-04-10,Janin Mies,F,randolf06@geisler.de,Jülich,92318953,18.56
393,2021-06-07,Ingried Binner,M,dseip@jacobi.net,Neustadt am Rübenberge,44459901,22.41
394,2021-03-20,Univ.Prof. Willy Geisler,F,tuerkan62@ruppert.de,Olpe,48769075,24.37
395,2021-06-19,Univ.Prof. Severin Barth B.A.,F,annemarie30@aol.de,Pritzwalk,61471641,22.51
396,2021-04-30,Imke Bruder,F,siglindekruschwitz@rudolph.com,Schwäbisch Hall,49649093,2.1
397,2021-06-12,Sigmund Reichmann-Mielcarek,M,sagerwolfram@hotmail.de,Worbis,18604856,39.84
398,2021-07-30,Ing. Mariana Seidel B.Sc.,M,pieperhiltraud@wirth.com,Miesbach,29186532,43.9
399,2021-01-22,Sabine Schleich,M,stadelmannamelie@hotmail.de,Niesky,13995621,16.45
400,2021-03-02,Nico Kranz,M,hessemanuela@roemer.net,Diepholz,70908671,10.27
401,2021-05-29,Erica Kallert-Martin,F,hentschelkenneth@wirth.de,Seelow,00092586,33.3
402,2021-04-18,Natali Mielcarek,M,wlindau@bauer.com,Malchin,04724728,50.45
403,2021-08-02,Emmy Wiek,M,abdullahnerger@gmail.com,Wittmund,96755525,91.7
404,2021-07-30,Jonathan Aumann,M,wirthgottlob@googlemail.com,Schwabmünchen,21872495,52.67
405,2021-06-07,Reimer Zahn B.Eng.,M,heringsusanne@gmail.com,Düren,34204160,29.42
406,2021-07-31,Dr. Tony Ullrich B.Sc.,M,irmgard36@haase.com,Ebersberg,17115865,81.68
407,2021-02-23,Albertine Schaaf,F,uwe62@kuehnert.net,Griesbach Rottal,60348517,19.87
408,2021-06-21,Andreas Weller,M,gutknechtliliane@radisch.com,Freital,12492152,32.96
409,2021-03-09,Clarissa Gorlitz,M,goranfranke@gmail.com,Ludwigsburg,86272568,59.4
410,2021-04-16,Vanessa Klingelhöfer,M,kathrinlindner@stumpf.com,Burgdorf,25543032,88.9
411,2021-05-30,Ahmed Ortmann,F,franziska31@aol.de,Kyritz,52165740,98.93
412,2021-03-01,Kornelius Kohl-Ullrich,M,margaritahesse@yahoo.de,Dresden,56487268,47.13
413,2021-02-03,Nurten Nohlmans,M,dierksteckel@vollbrecht.com,Dieburg,11346487,30.48
414,2021-02-10,Ivana Henschel,F,bhoelzenbecher@heydrich.com,Ribnitz-Damgarten,32623918,90.52
415,2021-01-27,Dr. Hans-Jörg Gotthard B.A.,F,wmude@sorgatz.de,Gransee,33234472,16.85
416,2021-06-18,Ottokar Hölzenbecher,M,gzobel@renner.org,Hohenstein-Ernstthal,64112930,95.19
417,2021-03-17,Univ.Prof. Chantal Freudenberger B.Eng.,M,marieluiseetzler@googlemail.com,Weimar,06803216,13.81
418,2021-07-23,Univ.Prof. Oxana Hörle,M,heinojaehn@web.de,Pegnitz,63350777,99.93
419,2021-04-01,Dipl.-Ing. Theodoros Ring,M,hans-h50@hettner.org,Wunsiedel,32466409,31.13
420,2021-04-21,Jakob Christoph-Wähner,F,iliasschaefer@yahoo.de,Altentreptow,32898774,59.44
421,2021-01-09,Dipl.-Ing. Alf Sölzer B.Eng.,M,denisfritsch@hotmail.de,Rottweil,81142798,50.4
422,2021-04-18,Traudl Zirme B.Sc.,F,tfischer@aol.de,Gunzenhausen,03325643,47.51
423,2021-01-03,Carl Bruder,F,oschmiedt@mude.de,Spremberg,30010260,80.81
424,2021-01-08,Herr Hans-Jürgen Löwer,M,striebitzjose@yahoo.de,Brilon,97864202,25.16
425,2021-01-23,Ing. Ottomar Schmiedt B.A.,M,bennoheydrich@aol.de,Oschatz,69473791,58.65
426,2021-07-06,Dipl.-Ing. Stefano Keudel,F,muellerpero@reinhardt.org,Rehau,60347954,56.3
427,2021-02-02,Leonardo Adler,M,meik64@wieloch.de,Mayen,34883938,94.62
428,2021-05-30,Heiko Hartung,M,adriane80@yahoo.de,Perleberg,53857859,55.72
429,2021-07-09,Ivana Kranz,M,dolores62@yahoo.de,Neustrelitz,50332762,27.2
430,2021-03-19,Irmgard Paffrath-Hermann,F,romy17@klotz.de,Goslar,44896683,25.48
431,2021-03-18,Hilma Kramer,M,janetfreudenberger@hotmail.de,Bernburg,02458168,59.31
432,2021-07-03,Rocco Riehl,F,nathaliepaffrath@martin.com,Mühldorf am Inn,59073291,56.39
433,2021-03-11,Nicolaus Wirth,F,caterinareichmann@aol.de,Flöha,12029297,73.24
434,2021-07-28,Luka Jacob,M,casparagathe@mielcarek.org,Büsingen am Hochrhein,39969064,51.62
435,2021-03-11,Cord Neureuther,F,striebitzheinz-peter@gmail.com,Cloppenburg,96352809,59.99
436,2021-03-28,Jolanthe Berger,M,bertram73@jungfer.com,Hannover,19942834,93.3
437,2021-04-30,Dipl.-Ing. Pero Hahn,M,senta79@gmx.de,Chemnitz,36892877,7.43
438,2021-02-25,Caterina Rogge,M,blochtilman@ladeck.com,Malchin,91923370,30.12
439,2021-05-05,Corinna Mitschke B.A.,F,xhoelzenbecher@gmx.de,Luckenwalde,14926211,30.2
440,2021-06-14,Ildiko Scheuermann-Gute,F,raymundtroest@gmail.com,Rottweil,74881758,12.81
441,2021-01-18,Kemal Schönland MBA.,F,odoerr@beyer.net,Calw,76089626,64.71
442,2021-06-10,Urs Möchlichen-Schmidtke,F,wulffgisa@web.de,Lippstadt,70053005,59.43
443,2021-07-24,Philip Schmiedecke,M,kschmidt@web.de,Eisenhüttenstadt,64379074,89.8
444,2021-07-16,Lisa Wulff,M,eimeristvan@niemeier.de,Schrobenhausen,57529523,35.18
445,2021-03-11,Dipl.-Ing. Svenja Krein,M,irmelanoack@dietz.de,Paderborn,89886700,56.37
446,2021-05-07,Frau Roswita Scheibe B.Eng.,M,eddahiller@thies.com,Uffenheim,56351286,22.2
447,2021-04-16,Elma Geisel MBA.,M,ismetauch-schlauchin@gmx.de,Moers,69197239,26.64
448,2021-08-07,Gina Jopich B.Sc.,M,beyerbalthasar@liebelt.net,Donaueschingen,72986127,74.76
449,2021-05-13,Ing. Hans-Josef Kroker B.A.,M,cengizschmiedt@googlemail.com,Mühlhausen,78169456,26.73
450,2021-08-08,Marlis Rörricht,M,ismet27@juettner.de,Kelheim,12859160,36.16
451,2021-02-27,Arnd Speer-Seifert,F,gnatztheres@gmail.com,Grevenbroich,28693482,77.11
452,2021-01-20,Gretel Köster-Scheuermann,F,irmasaeuberlich@davids.de,Northeim,20328757,15.9
453,2021-06-13,Ramona Lachmann B.Eng.,F,wenkeneuschaefer@gmail.com,München,32024913,32.5
454,2021-06-02,Milan Trub,M,ibuchholz@pruschke.com,Groß-Gerau,53892430,45.33
455,2021-01-12,Elsa Kruschwitz,M,rouven21@gmail.com,Malchin,56408454,31.44
456,2021-02-06,Antonia Seip,M,heinzbirnbaum@otto.net,Eilenburg,22905130,64.69
457,2021-05-13,Heinz-Peter Bolnbach,F,ckallert@hornig.net,Mettmann,53919908,51.77
458,2021-05-30,Gisela Hartmann,M,heckerkathy@gmx.de,Aue,95044309,52.69
459,2021-06-06,Klaus Staude MBA.,M,carl-heinzwernecke@trub.de,Rockenhausen,12994212,39.8
460,2021-03-31,Roland Schuster-Heß,F,mansguenter@wagner.de,Roth,81608010,76.9
461,2021-03-30,Erik Thanel B.A.,M,marikawohlgemut@weinhold.com,Dinslaken,38177040,85.4
462,2021-07-27,Ludger Weihmann,M,hans-georg91@googlemail.com,Gransee,85943438,59.45
463,2021-07-15,Bodo Flantz MBA.,F,benderromy@barth.de,Altentreptow,39875525,37.96
464,2021-03-12,Prof. Radmila Walter B.Eng.,M,ytrommler@gmail.com,Husum,12608447,13.12
465,2021-01-18,Felicia Fechner,F,ronnymende@hoefig.de,Melle,24196987,97.53
466,2021-02-14,Prof. Karl-Dieter Köster,F,michaele33@caspar.de,Augsburg,04987543,47.9
467,2021-07-06,Elsa Fischer,M,cichoriuschrista@fliegner.com,Zossen,52771583,10.33
468,2021-06-06,Meinrad Schmidtke,M,jaroslaw32@yahoo.de,Uffenheim,73485827,25.39
469,2021-03-27,Kläre Henck,F,taeschehedi@boerner.de,Rastatt,94841008,1.9
470,2021-03-31,Giovanni Hölzenbecher,F,anna91@mans.com,Eichstätt,72140567,28.83
471,2021-06-12,Francesco Losekann,F,liliharloff@heinz.com,Gelnhausen,12955626,86.61
472,2021-06-24,Astrid Steckel,F,gnatzjanna@web.de,Schleiz,52419829,36.46
473,2021-06-16,Natalie Schmidt,M,beyerbrian@hotmail.de,Rosenheim,27435816,82.99
474,2021-05-03,Hans-Günther Dehmel,F,mbutte@aol.de,Döbeln,86545068,94.9
475,2021-04-08,Hedda Tintzmann,M,tschleich@gmail.com,Tuttlingen,66234616,95.4
476,2021-06-22,Maik Klemt,F,raedelstefano@hauffer.com,Lüdenscheid,15791061,71.61
477,2021-04-17,Luciano Henck,M,trapproderich@girschner.de,Melle,77796370,42.2
478,2021-01-06,Harm Stolze-Becker,F,scholtzfritz@web.de,Ebermannstadt,49211740,73.74
479,2021-03-12,Sara Kühnert,F,adelheidjaentsch@web.de,Main-Höchst,76155673,60.12
480,2021-07-28,Adalbert Höfig,F,anke89@googlemail.com,Fürstenfeldbruck,80763536,90.76
481,2021-06-23,Dipl.-Ing. Patric Klotz,F,doreenreichmann@web.de,Helmstedt,89576564,54.89
482,2021-04-01,Jaroslav Siering B.Eng.,F,maelzerveronique@aol.de,Säckingen,31961196,42.19
483,2021-01-18,Ellinor auch Schlauchin,M,fspeer@googlemail.com,Celle,53177384,78.26
484,2021-04-21,Hansjürgen Schäfer,M,verenadoerr@web.de,Beeskow,98353040,2.19
485,2021-03-31,Auguste Jüttner-auch Schlauchin,F,gudesilvia@zobel.com,Neuruppin,45340208,67.5
486,2021-06-19,Marlies Noack,F,jonathanbohnbach@walter.org,Klötze,43293582,57.45
487,2021-07-20,Ludwig Heintze,F,smoechlichen@scheuermann.com,Magdeburg,00879101,48.45
488,2021-03-03,Frau Gerdi Misicher B.Eng.,F,rita31@freudenberger.net,Querfurt,97516040,6.43
489,2021-01-25,Gerwin Jopich,M,karl-hans12@gmail.com,Rosenheim,06033965,48.27
490,2021-05-22,Leopold Rose,F,ivanvan-der-dussen@gnatz.de,Hannover,50624867,56.91
491,2021-06-13,Dipl.-Ing. Susana Fritsch MBA.,M,owulf@gmx.de,Haldensleben,40127927,62.84
492,2021-04-24,Madeleine Bolzmann,F,horst17@schenk.de,Grafenau,75105754,60.37
493,2021-03-03,Univ.Prof. Tilly Bolander B.A.,F,agnes92@aol.de,Kusel,84994349,17.47
494,2021-02-14,Univ.Prof. Kathrin Stoll,M,klaus-dieterzorbach@aol.de,Eichstätt,09802124,96.13
495,2021-07-08,Halina Neureuther,M,ricardazimmer@gmx.de,Eckernförde,62330152,24.55
496,2021-02-16,Eduard Kühnert B.Sc.,F,oxana69@kambs.de,Osterburg,61433892,91.39
497,2021-06-23,Raissa Junken,M,lenestadelmann@aol.de,Dresden,05413133,79.61
498,2021-03-26,Kuno Ladeck B.Eng.,F,waehnermoritz@web.de,Greiz,75593032,96.66
499,2021-07-21,Ing. Birthe Trommler B.A.,F,claus-peterknappe@gmail.com,Borken,32477931,37.5
500,2021-02-23,Univ.Prof. Margitta Jopich,M,heidrichelfie@web.de,Klötze,83775741,1.4
501,2021-07-23,Benjamin Plath,M,egon21@yahoo.de,Stuttgart,27168424,43.81
502,2021-07-26,Kunigunde Margraf,M,zahnalexei@gmail.com,Eberswalde,85352537,32.61
503,2021-02-19,Dipl.-Ing. Irene Lindner,F,vrose@carsten.de,Altentreptow,71387932,23.83
504,2021-06-20,Björn Rogge-Pruschke,F,sylviaroemer@nerger.org,Füssen,45135354,62.51
505,2021-01-12,Dipl.-Ing. Reginald Carsten,M,massimobachmann@staude.de,Staßfurt,14211157,4.19
506,2021-01-23,Folkert Wagner-Drub,M,josip96@web.de,Eckernförde,60963956,85.41
507,2021-06-13,Jeannine Aumann,M,kramermarian@hotmail.de,Kehl,97805519,81.71
508,2021-07-22,Benedikt Wiek,M,fliegnerreginald@schlosser.com,Bad Brückenau,19353241,25.24
509,2021-07-08,Amelie Tröst,F,ooestrovsky@haering.com,Säckingen,06732196,83.42
510,2021-08-01,Iwona Mans,F,netteheide@hartung.com,Gransee,50064168,68.6
511,2021-01-03,Katharina Hartmann,F,adolfschleich@troest.com,Mühldorf am Inn,72712016,32.34
512,2021-06-26,Kreszenz Jacob,F,hans-eberhard11@bruder.de,Potsdam,89163528,50.7
513,2021-02-23,Dipl.-Ing. Maria-Luise Kroker MBA.,F,junckedgar@juettner.com,Perleberg,02015620,37.9
514,2021-07-20,Daria Holsten,F,carmen25@schaefer.de,Groß-Gerau,09132085,24.48
515,2021-05-11,Herr Joerg Ritter B.A.,F,herrmann37@gmail.com,Auerbach,00417327,64.59
516,2021-03-02,Daria Patberg-Dörschner,M,nmitschke@waehner.de,Parchim,02810874,5.29
517,2021-07-03,Hans-Albert Schulz,F,helmarjunken@mende.com,Chemnitz,37166397,19.69
518,2021-03-08,Prof. Heide-Marie Fiebig B.A.,M,voderwald@schweitzer.de,Wunsiedel,44893088,76.21
519,2021-05-06,Sina Zimmer,F,sylvester37@huhn.net,Stollberg,12467044,66.51
520,2021-05-31,Univ.Prof. Sedat Otto MBA.,M,axeljaehn@jacob.com,Niesky,10673232,55.95
521,2021-06-25,Antoinette Sorgatz,M,kenneth51@hotmail.de,Brand,02992051,10.78
522,2021-07-01,Benjamin Schottin,M,jadwigakaul@web.de,Pegnitz,82527532,33.74
523,2021-04-10,Amelie Dippel,F,timo58@gmail.com,Teterow,32770629,72.48
524,2021-01-04,Istvan Stiebitz-Weihmann,M,xfiebig@yahoo.de,Kassel,08551429,94.83
525,2021-02-21,Prof. Selim Oderwald MBA.,F,gtrapp@trupp.de,Genthin,62124676,57.79
526,2021-02-05,Univ.Prof. Bärbel Bonbach,M,leobolnbach@kraushaar.de,Schleiz,57110172,89.3
527,2021-02-15,Henriette Baum MBA.,F,stefanobluemel@aol.de,Potsdam,92194564,14.35
528,2021-01-13,Univ.Prof. Vitali Fischer,F,susanna02@noack.de,Apolda,47676817,38.99
529,2021-02-24,Prof. Hatice Holzapfel,F,wdoering@gmail.com,Brand,09813977,70.24
530,2021-05-08,Thies Geißler,M,ugehringer@web.de,Feuchtwangen,24675314,18.8
531,2021-03-04,Victor Lübs B.Eng.,M,leneknappe@scholtz.de,Lippstadt,21872006,53.19
532,2021-04-07,Thorsten Rosenow,F,hanny75@henschel.com,Meißen,82420154,45.55
533,2021-03-11,Adam Misicher B.Eng.,F,ernst17@zirme.de,Lörrach,38689260,53.87
534,2021-07-09,Dr. Käthe Bähr B.Sc.,F,edobes@yahoo.de,Tirschenreuth,82525989,89.93
535,2021-05-12,Hans Dieter Vogt,F,ester75@budig.net,Weißenfels,83577581,50.69
536,2021-06-17,Ferenc van der Dussen B.Sc.,M,hornichnadeshda@yahoo.de,Kassel,13834364,86.81
537,2021-04-03,Carolin Kruschwitz,M,qpohl@web.de,Fulda,49690453,49.72
538,2021-04-18,Hans Jürgen Keudel,F,liesa15@schinke.de,Ebersberg,70943405,15.4
539,2021-01-18,Sonia Schmiedecke,M,weinhageramazan@gmx.de,Bad Kissingen,67369058,5.8
540,2021-07-10,Roland Haase B.Eng.,F,warmerverena@schleich.de,Recklinghausen,49342710,87.52
541,2021-05-13,Serge Schottin,F,dlangern@googlemail.com,Anklam,48736497,52.99
542,2021-01-27,Maxim Ortmann,F,hmartin@boucsein.com,Kamenz,27888513,74.27
543,2021-05-26,Margret Karz,M,gertzelisabet@web.de,Eberswalde,35186250,70.59
544,2021-07-23,Christof Trüb,M,pietrostahr@koehler.de,Zossen,68518936,21.83
545,2021-02-25,Gerd Nette,M,mweinhold@gmail.com,Augsburg,86186896,11.3
546,2021-02-16,Fredi Carsten B.Eng.,F,eberttraudl@kobelt.de,Neunburg vorm Wald,92813373,37.29
547,2021-04-14,Prof. Ulrike Junitz B.Eng.,F,niemeierluitgard@gmail.com,Main-Höchst,48301046,79.17
548,2021-01-26,Claudia Thanel,M,antoniopeukert@web.de,Reutlingen,21088599,97.39
549,2021-07-03,Reinhardt Mosemann,M,nikolaigeisler@henschel.de,Freising,59611325,41.6
550,2021-07-12,Karl-Georg Mälzer MBA.,F,heinz-georgspiess@aol.de,Gera,57401935,55.84
551,2021-06-26,Dr. Cemil Kroker,F,bernadettepergande@gmail.com,Grimmen,87910841,16.78
552,2021-03-04,Evangelos Thanel B.Eng.,M,lindaumarius@etzler.de,Pritzwalk,49523782,55.72
553,2021-02-05,Nikolaj Pieper,M,huebelali@aol.de,Sankt Goarshausen,62165792,50.29
554,2021-03-14,Rosita Birnbaum,M,steyinka@pohl.org,Jessen,22820488,95.4
555,2021-02-13,Rupert Flantz,M,leopold56@huhn.org,Saarlouis,57458540,64.55
556,2021-05-08,Leander Putz,M,btrub@drub.de,Großenhain,36813247,22.63
557,2021-05-04,Aline Striebitz,F,ehlertrenate@gmx.de,Jüterbog,39844927,51.98
558,2021-05-02,Heinz-Jürgen Schaaf,M,sebastian23@gmail.com,Bad Kreuznach,89230053,51.3
559,2021-03-09,Herr Pasquale Graf B.A.,F,roerrichtdina@yahoo.de,Tübingen,43823086,24.37
560,2021-06-22,Nikolai Riehl,M,vlado65@salz.com,Luckau,89596005,58.99
561,2021-04-01,Dipl.-Ing. Mikhail Hentschel B.Eng.,F,wagnerhans-detlef@aol.de,Lichtenfels,53293183,67.9
562,2021-08-04,Ing. Jonathan Patberg B.Eng.,M,lisaneureuther@aol.de,Kusel,43709175,55.3
563,2021-05-05,Dipl.-Ing. Valeria Zänker B.A.,F,joerg39@jopich.de,Freudenstadt,27340448,7.39
564,2021-03-11,Aysel Kramer,M,wgierschner@yahoo.de,Roth,07873027,3.56
565,2021-03-01,Herr Riza Rohleder,M,jgraf@schueler.de,Bersenbrück,13920227,58.17
566,2021-05-31,Werner Roskoth,F,eugen81@groettner.com,Hagenow,95982090,61.23
567,2021-06-18,Dipl.-Ing. Gerdi Lorch,M,nevenka68@hotmail.de,Fürstenwalde,03392546,51.19
568,2021-04-10,Univ.Prof. Annedore auch Schlauchin MBA.,M,boris69@bauer.net,Lübz,22419903,11.47
569,2021-01-04,Herr Timo Eigenwillig,F,benjamin20@misicher.net,Soltau,14687815,76.2
570,2021-04-20,Frau Christiana Meister,F,rstahr@gumprich.de,Neuruppin,01041088,57.85
571,2021-03-03,Louise Baum,F,mahmut81@gmail.com,Zschopau,48812870,75.76
572,2021-07-03,Marlis Harloff-Rosemann,F,marieluisehande@gmail.com,Gießen,51644017,77.2
573,2021-05-06,Dr. Hans Haase,F,emine24@wulf.net,Parsberg,01903775,34.54
574,2021-02-28,Sophia Schinke MBA.,F,brittschuchhardt@pieper.de,Calau,15255716,23.4
575,2021-07-20,Rüdiger Kreusel,F,andrew66@yahoo.de,Illertissen,46751607,87.54
576,2021-03-07,Ahmed Gröttner-Weinhold,F,vittoriometz@hotmail.de,Fallingbostel,86437752,59.49
577,2021-05-21,Hansjörg Jockel,M,dbauer@trapp.org,Groß-Gerau,18510010,67.79
578,2021-07-06,Marie-Theres Hoffmann,F,ludwina49@seidel.com,Bitterfeld,41303214,3.41
579,2021-08-08,Volker Löwer,F,egonjuncken@yahoo.de,Backnang,93149334,87.76
580,2021-04-18,Traugott Trapp,M,riehllene@seifert.de,Pasewalk,08480590,59.9
581,2021-06-30,Heini Rörricht,F,emanuel44@stiebitz.de,Leipziger Land,98684748,67.46
582,2021-07-21,Samir Wilmsen,M,iliasmuehle@yahoo.de,Tuttlingen,82345327,4.49
583,2021-01-27,Frau Lisa Karz,M,sheinrich@googlemail.com,Grevenbroich,08938930,22.13
584,2021-06-12,Dr. Branko Pärtzelt,M,engelbert94@henck.org,Schwäbisch Gmünd,73637974,17.27
585,2021-01-10,Jan Jopich,F,stefano89@baum.net,Zschopau,38108082,52.7
586,2021-01-19,Mohammed Austermühle,M,ekohl@pieper.de,Erbisdorf,91937230,85.25
587,2021-07-25,Dr. Herma Ditschlerin,F,kallertbernd-dieter@aol.de,Angermünde,30305069,20.68
588,2021-01-24,Magdalena Schinke B.A.,F,francescajunk@gmx.de,Northeim,71498638,77.25
589,2021-04-22,Ryszard Schuster,F,seideljanine@henck.com,Rostock,93017732,95.1
590,2021-01-08,Hardy Schmidt-Heinrich,F,beckmannernst-otto@googlemail.com,Melsungen,22891518,21.73
591,2021-07-18,Daniel Junk MBA.,M,idobes@gmx.de,Gelnhausen,07555008,2.14
592,2021-06-17,Dusan Krebs,M,sontagtania@googlemail.com,Neubrandenburg,76057236,75.36
593,2021-03-21,Eugenia Weimer,F,gundaackermann@yahoo.de,Döbeln,68381936,93.21
594,2021-05-20,Ing. Dorina Bonbach B.Eng.,F,walterpero@ullmann.org,Passau,00174039,61.22
595,2021-07-12,Ingo Wieloch,F,znoack@web.de,Scheinfeld,19207056,86.27
596,2021-07-19,Univ.Prof. Friedl Knappe,F,vbudig@eberhardt.com,Soltau,65777367,84.9
597,2021-02-04,Kathleen Schottin,F,ettajunk@otto.de,Hagenow,32911251,49.84
598,2021-05-09,Marvin Kusch,F,konstantinosdippel@aol.de,Stadtroda,73665281,74.99
599,2021-08-07,Mechthilde Niemeier-Dussen van,F,bertkallert@gmx.de,Bischofswerda,18857665,66.92
600,2021-01-08,Dr. William Wilmsen,F,fliegnermesut@stiffel.com,Witzenhausen,64554860,76.66
601,2021-01-02,Katerina Gude,M,xlachmann@gmail.com,Weißenfels,37080846,69.41
602,2021-07-24,Erna Reichmann,F,ruppertjeanette@barkholz.net,Gera,18938012,17.74
603,2021-08-07,William Christoph B.A.,M,benthinnotburga@boucsein.com,Ochsenfurt,92800779,9.43
604,2021-07-20,Liliana Mälzer B.Eng.,M,carstenkarl-georg@giess.net,Großenhain,71107530,23.56
605,2021-04-07,Dipl.-Ing. Mahmoud Hörle B.Eng.,F,hannchen69@hotmail.de,Gotha,47737198,91.91
606,2021-01-16,Heinz-Peter Bolzmann,F,casparharriet@web.de,Staffelstein,69647369,11.88
607,2021-07-31,Helfried Schwital,M,alinaeberhardt@nette.com,Dieburg,17133302,44.1
608,2021-06-21,Prof. Udo Ernst,F,marlene96@striebitz.org,Staffelstein,75191153,64.91
609,2021-05-12,Miodrag Etzold,F,verenanoack@googlemail.com,Grimmen,89817353,13.65
610,2021-02-25,Gerhard Löwer,F,hesermarlies@trubin.org,Wolmirstedt,56748468,64.6
611,2021-06-23,Elise Schmiedt MBA.,F,soedingthies@aol.de,Bitterfeld,30555105,51.28
612,2021-06-27,Dipl.-Ing. Randolf Kraushaar,M,nicolai25@schomber.com,Wolfach,72935569,35.71
613,2021-03-19,Herr Klaus Dieter Jessel B.A.,M,cgutknecht@wagner.com,Dinkelsbühl,11266815,36.95
614,2021-06-18,Irmi Schulz B.Eng.,M,bmohaupt@gmail.com,Fürstenwalde,24962322,53.19
615,2021-02-17,Friedrich Walter,M,kristina87@aol.de,Fürstenfeldbruck,28637028,6.62
616,2021-01-15,Dr. Edgar Caspar MBA.,F,ladeckgunter@pohl.de,Forchheim,33404127,90.52
617,2021-08-09,Ralf-Dieter Harloff B.Eng.,M,reisingwally@wagenknecht.de,Darmstadt,22924797,68.4
618,2021-05-29,Branka Weinhold,M,schweitzerannegret@web.de,Weißwasser,36423316,97.9
619,2021-01-01,Sandor Peukert,F,hoffmanndominik@hahn.de,Gerolzhofen,12961313,96.48
620,2021-05-31,André Hövel,F,xmosemann@aol.de,Gransee,61771352,66.63
621,2021-07-18,Dr. Kasimir Pechel,M,liesbethliebelt@muehle.com,Oranienburg,89533550,26.74
622,2021-07-16,Angelique Sorgatz,M,ansgar03@aol.de,Borna,26735801,45.6
623,2021-07-16,Sergei Johann B.Sc.,F,babettbluemel@schaefer.com,Kehl,76426872,30.23
624,2021-06-29,Gina Jacobi Jäckel,F,cditschlerin@margraf.com,Mittweida,36748686,7.52
625,2021-04-14,Günther Haase-Textor,M,klotzerwin@mangold.net,Nördlingen,18254358,75.64
626,2021-07-02,Nadia Mude,F,plathalfred@hotmail.de,Badibling,45134616,53.55
627,2021-03-21,Dittmar Löchel,F,dorotheebinner@carsten.com,Bad Mergentheim,19207698,77.92
628,2021-06-20,Margaretha Herrmann B.Sc.,F,sueleyman47@hartung.net,Dachau,91659026,23.7
629,2021-02-13,Miodrag Stiffel MBA.,F,gkiller@aol.de,Herzberg,90437212,44.25
630,2021-04-08,Harald Nohlmans,F,nohlmanswibke@googlemail.com,Bad Freienwalde,56863796,50.29
631,2021-01-16,Gitta Beer,F,ortmannwilhelmine@seip.de,Karlsruhe,76997853,4.75
632,2021-04-22,Agata Beyer-Fritsch,M,karl-heinz88@heydrich.net,Dresden,66724100,19.59
633,2021-02-12,Theda Rust,F,wcarsten@gmail.com,Kamenz,34907795,32.85
634,2021-01-31,Maria-Luise Wagenknecht-Dietz,M,gumprichclaus@yahoo.de,Jena,65044711,16.5
635,2021-07-29,Dr. Reinhard Mühle B.Sc.,F,alenajaehn@schottin.de,Weißenfels,06357115,77.18
636,2021-04-09,Dimitri Boucsein,F,justus51@zorbach.de,Schwerin,62391047,50.44
637,2021-04-04,Marcel Heser,M,vogtdietrich@aol.de,Euskirchen,98730230,86.43
638,2021-07-17,Dr. Theobald Becker B.A.,F,uradisch@hoerle.org,Hoyerswerda,08815118,62.77
639,2021-03-06,Hermann Josef Kreusel,M,qhamann@salz.com,Stadtsteinach,84029577,14.24
640,2021-03-01,Gerfried Heinz,F,lschaefer@hotmail.de,Brilon,68239244,42.3
641,2021-05-20,Maren Hofmann,F,hermighausenviktor@hotmail.de,Goslar,75048259,54.23
642,2021-05-04,Ing. Carmela Caspar MBA.,F,sdoering@yahoo.de,Schwandorf,31108195,66.31
643,2021-05-29,Heidelinde Trapp-Kranz,F,lhande@yahoo.de,Rehau,39298997,17.29
644,2021-01-21,Nermin Köster-Stahr,M,alwina87@kusch.org,Gransee,69945793,68.69
645,2021-02-18,Gabriel Zobel,M,johannjochen@haering.de,Badoberan,05094349,63.1
646,2021-03-27,Jonathan Dippel,F,friedhold98@hecker.com,Luckau,32580242,90.73
647,2021-05-05,Univ.Prof. Karl-Heinrich Schmiedt B.Eng.,M,kadebela@web.de,Wolmirstedt,48983822,39.29
648,2021-08-02,Marlis Textor B.Sc.,M,hackermann@web.de,Stendal,11608851,57.5
649,2021-01-30,Sören Jäntsch,M,uklapp@gmail.com,Oberviechtach,94968149,17.89
650,2021-01-24,Herr Volker Juncken,M,tschentscherwalter@hotmail.de,Delitzsch,21332609,5.6
651,2021-04-16,Wibke Gierschner MBA.,M,imke08@web.de,Fulda,03584538,9.3
652,2021-01-20,Vesna Möchlichen,M,igorhenk@kensy.com,Aurich,50451531,42.74
653,2021-04-29,Abdullah Putz,F,nschlosser@web.de,Warendorf,73643579,46.43
654,2021-02-28,Alicja Spieß,F,dmangold@waehner.com,Rastatt,50171866,56.77
655,2021-03-12,Lissi Staude,M,rosemannirmgard@hoelzenbecher.de,Garmisch-Partenkirchen,42665953,23.19
656,2021-04-21,Hans-Adolf Etzold,M,gotthard51@googlemail.com,Celle,65338544,59.9
657,2021-05-07,Jost Zorbach,M,zstahr@yahoo.de,Teterow,83797057,17.8
658,2021-03-21,Gerda Ruppersberger,M,vrogner@gmx.de,Staffelstein,86010146,42.93
659,2021-02-06,Katharine Albers,F,sergio01@zirme.com,Schleiz,61493940,78.83
660,2021-05-14,Lilian Hamann,F,uheuser@googlemail.com,Jena,98188871,71.71
661,2021-03-09,Ingolf Hoffmann,F,weitzelalexa@riehl.com,Norden,30880498,96.28
662,2021-05-12,Hans Georg Mies-Röhrdanz,M,bkoch-ii@gmx.de,Cloppenburg,88969015,23.78
663,2021-06-14,Toni Carsten-Herrmann,M,hildewalter@kramer.com,Badalzungen,48595612,45.85
664,2021-01-16,Liselotte Rosenow-Huhn,F,sofiawulff@yahoo.de,Erbisdorf,00289603,95.19
665,2021-03-18,Eleonore Schmiedt B.A.,F,michaele12@hotmail.de,Forchheim,36756384,71.19
666,2021-02-01,Dr. Zlatko Wähner,M,martinliesa@web.de,Karlsruhe,59347095,81.8
667,2021-04-23,Dipl.-Ing. Ortrud Drubin B.A.,F,jozef66@gmail.com,Lüdenscheid,94866346,64.74
668,2021-05-26,Prof. Denis Junitz,F,aumanngerd@mosemann.de,Uelzen,10986653,27.52
669,2021-07-29,Margrit Lange,M,itrubin@niemeier.de,Schrobenhausen,91061089,42.57
670,2021-04-26,Francis Höfig,M,hans-ottoladeck@girschner.org,Guben,89463895,6.71
671,2021-06-10,Evamaria Dietz B.Sc.,F,sschaaf@koch.org,Hersbruck,96385241,25.12
672,2021-03-01,Yasmin Langern,F,tmeister@doering.de,Schmölln,04518846,17.26
673,2021-06-03,Klaudia Zirme-Trubin,M,dweller@ziegert.org,Hagenow,01423884,80.47
674,2021-03-10,Katharine Rose,M,qfoerster@yahoo.de,Moers,14214011,43.37
675,2021-06-26,Salvatore Bloch B.A.,F,emin74@gmail.com,Arnstadt,46124784,35.47
676,2021-08-02,Dipl.-Ing. Nick Zorbach,M,elwira90@cichorius.com,Pößneck,96122686,30.46
677,2021-06-27,Almuth Köhler,F,gunhild53@aol.de,Schwäbisch Gmünd,08090584,90.15
678,2021-01-31,Annemie Heuser-Stolze,M,schleichthoralf@gmail.com,Pirmasens,82680862,59.46
679,2021-05-25,Margarita Weimer,F,freia49@gmx.de,Tirschenreuth,87506877,88.3
680,2021-07-12,Harold Jäntsch,F,hans-albertlindner@weiss.com,Güstrow,46673718,46.31
681,2021-06-13,Univ.Prof. Anett Gunpf B.Sc.,M,wjaentsch@roehricht.de,Ueckermünde,47038721,67.34
682,2021-06-05,Hubertus Pärtzelt MBA.,F,vmielcarek@ruppersberger.de,Strausberg,81958085,88.78
683,2021-03-14,Edgar Gnatz-Stolze,M,almuth30@web.de,Döbeln,81809752,65.17
684,2021-07-11,Elfi Juncken,F,jacobi-jaeckelannegrete@jaentsch.org,Kaiserslautern,42011941,52.67
685,2021-02-20,Margrit Hoffmann,M,gutecharles@hotmail.de,Hildesheim,39927705,60.62
686,2021-05-14,Dipl.-Ing. Hans Dieter Mosemann,F,gertrud37@web.de,Eberswalde,27387733,78.87
687,2021-02-28,Margarethe Ladeck,F,lutz89@fischer.de,Guben,70284829,77.2
688,2021-01-08,René Kreusel,M,jbriemer@gmail.com,Strasburg,10382608,65.72
689,2021-07-29,Ing. Erwin Mohaupt B.Sc.,M,bhartmann@mies.com,Karlsruhe,91023841,90.33
690,2021-01-17,Igor Karge,F,anatoligerlach@yahoo.de,Osterburg,75860691,51.71
691,2021-01-08,Ing. Victor Gutknecht B.A.,F,dscheuermann@dobes.com,Sankt Goar,74076161,89.16
692,2021-05-30,Karl-Ernst Mans,F,erikpreiss@googlemail.com,Staffelstein,14179624,13.52
693,2021-04-19,Herr Eckhard Noack B.Eng.,F,tillmann31@aol.de,Herzberg,23761681,84.22
694,2021-04-23,Dipl.-Ing. Ilse Schacht MBA.,M,dtlustek@hande.de,Jüterbog,46551856,26.68
695,2021-03-06,Kathrin Kaul,F,simoneloos@googlemail.com,Tübingen,16498624,16.43
696,2021-02-22,Metin Schmiedt-Jessel,M,karl-hermann73@binner.net,Belzig,14625275,99.56
697,2021-07-18,Michel Klapp,F,dominicscholz@gmail.com,Bad Langensalza,48632423,34.31
698,2021-04-12,Mirjam Geisel-Bloch,M,klaus-juergenmetz@yahoo.de,Main-Höchst,57114606,72.33
699,2021-03-07,Arndt Krein-Rädel,M,harald68@henck.com,Hildesheim,63998467,24.65
700,2021-05-23,Jolanta Drub-Henschel,F,loestrovsky@gutknecht.com,Höxter,54581135,60.4
701,2021-02-28,Stanislav Binner-Seifert,M,cichoriusarnulf@aol.de,Backnang,31409988,47.11
702,2021-06-06,Dr. Beata Hiller,F,mjacobi-jaeckel@hotmail.de,Mühldorf am Inn,56377026,63.4
703,2021-06-17,Jeannine Eimer,F,horstfinke@gmail.com,Oberviechtach,60508645,24.4
704,2021-04-09,Univ.Prof. Frederike Seifert MBA.,F,waltergerlach@gmx.de,Fulda,14621642,57.6
705,2021-07-22,Liesbeth Jessel B.Sc.,M,gierschnerpiotr@gmx.de,Torgau,92944701,17.16
706,2021-01-19,Falk Hartmann,M,bernd18@luebs.net,Eckernförde,18031461,46.8
707,2021-03-26,Alexandros Hornich-Holsten,F,ewakraushaar@googlemail.com,Havelberg,12673841,19.84
708,2021-01-21,Herr Mahmut Schleich B.Eng.,M,carl93@kranz.org,Apolda,03758090,89.17
709,2021-02-13,Klaus-Peter Sager,M,leniwinkler@googlemail.com,Iserlohn,09154551,41.53
710,2021-06-21,Georg Häring MBA.,F,amandawulff@hotmail.de,Wiedenbrück,24665414,73.74
711,2021-01-15,Ivanka Döring-Hartmann,M,fiebigroger@etzler.de,Schweinfurt,09586161,24.2
712,2021-07-20,Sepp Walter,M,irmengardhamann@stoll.net,Sondershausen,28036708,23.68
713,2021-04-29,Pedro Plath,F,friedemannbiggen@gmail.com,Mühldorf am Inn,76072161,84.61
714,2021-03-20,Sarah Dörr-Jüttner,M,annelies79@bonbach.de,Tirschenreuth,38705700,39.6
715,2021-04-06,Utz Trub,F,jmitschke@gmx.de,Schlüchtern,67022809,88.9
716,2021-03-24,Ute auch Schlauchin,M,doerschnermichael@stiffel.com,Höxter,08691781,33.58
717,2021-07-14,Gerhardt Ritter,M,elfiejacob@aol.de,Oberviechtach,43665136,3.54
718,2021-07-07,Walter Scholtz,F,iebert@langern.com,Tecklenburg,37250478,8.98
719,2021-01-30,Univ.Prof. Guido Putz B.Eng.,F,kstiffel@web.de,Dresden,00956499,90.8
720,2021-04-02,Ing. Ada Faust B.A.,F,loewergebhard@yahoo.de,Fallingbostel,28481775,60.72
721,2021-06-12,Hinrich Heuser,M,heinz-georghenk@hotmail.de,Wittstock,59864462,39.72
722,2021-02-19,Klaus-D. Jäntsch-Dörschner,M,simone66@hotmail.de,Burglengenfeld,91453600,16.7
723,2021-01-27,Herwig Jacobi Jäckel,F,gerardebert@sauer.de,Ilmenau,38730832,63.61
724,2021-01-25,Galina Bolzmann,F,magdawende@beier.org,Stadtroda,62371384,66.76
725,2021-04-09,Dipl.-Ing. Justus Hahn,M,siegfriedjaentsch@gmail.com,Schmölln,88167121,87.66
726,2021-05-10,Vadim Hänel,M,isabel85@hotmail.de,Kassel,90839337,92.73
727,2021-05-31,Dipl.-Ing. Gerd Werner,F,hakanwieloch@yahoo.de,Calau,62888806,53.7
728,2021-06-14,Evi Karz,F,helen12@gmx.de,Gotha,94489019,54.9
729,2021-07-05,Univ.Prof. René Löchel B.Eng.,M,eberhardtulrich@web.de,Bad Kreuznach,13812782,29.8
730,2021-03-10,Valentine Junck B.A.,M,lachmannamanda@yahoo.de,Augsburg,14288869,16.78
731,2021-01-23,Univ.Prof. Uwe Vogt MBA.,F,walterhartmann@zorbach.com,Erfurt,46463548,30.4
732,2021-02-04,Herr Augustin Austermühle B.A.,F,ralfchristoph@gmx.de,Dessau,40460314,91.98
733,2021-04-30,Gertraude Butte,F,azorbach@web.de,Worbis,01346572,71.77
734,2021-01-28,Mirco Heinz,M,baumkornelius@googlemail.com,Berchtesgaden,38760587,28.68
735,2021-06-01,Theda Zorbach,F,weitzelattila@gmx.de,Stade,70053159,95.81
736,2021-01-18,Matthäus Schlosser B.Eng.,F,suekruehenschel@dippel.com,Hainichen,34792902,65.7
737,2021-06-12,Prof. Annette Aumann,M,harrietditschlerin@albers.org,Freudenstadt,82555726,48.4
738,2021-07-14,Horst Oestrovsky B.Eng.,F,muehlemartine@hoevel.com,Crailsheim,70088175,47.32
739,2021-01-26,Mike Ullmann,F,rainerraedel@stumpf.de,Weißwasser,47567924,17.83
740,2021-04-25,Karl-Hans Koch II B.Eng.,F,swalter@aol.de,Geithain,45159701,48.27
741,2021-05-17,Rita Steckel,F,evelineklotz@bolnbach.com,Scheinfeld,43741526,40.62
742,2021-04-29,Dr. Siegbert Tröst B.Eng.,M,qullrich@kroker.de,Görlitz,35468547,75.37
743,2021-07-06,Ernest Jessel B.A.,F,lindnerhans-josef@koester.com,Belzig,91687449,63.64
744,2021-01-31,Dipl.-Ing. Volker Rosenow,F,zfechner@kabus.net,Lobenstein,71637716,15.4
745,2021-01-14,Grzegorz Bähr,M,waltraud67@web.de,Säckingen,00259248,89.58
746,2021-05-01,Prof. Nora Lange B.Eng.,F,elindau@yahoo.de,Stade,26441580,74.7
747,2021-02-14,Ina Rust,F,davidshans-henning@gmx.de,Haldensleben,04101161,53.3
748,2021-04-12,Prof. Hans-Günter Drewes MBA.,F,reinhardtwesack@gmx.de,Hagenow,44747039,27.78
749,2021-02-13,Burkhard Margraf,F,zeynep95@yahoo.de,Kulmbach,93694346,69.46
750,2021-05-31,Maike Schuster B.Eng.,F,maya15@hotmail.de,Cuxhaven,32913880,17.75
751,2021-07-03,Caroline Eigenwillig-Gotthard,M,sentaheidrich@trommler.de,Aue,74190973,10.16
752,2021-06-10,Ruth Matthäi-Beyer,M,kstumpf@yahoo.de,Celle,22038531,39.62
753,2021-04-07,Ing. Abram Flantz MBA.,F,barkholzelli@web.de,Worbis,17790147,60.98
754,2021-07-13,Frau Heidi Gute B.A.,F,evelynekraushaar@linke.net,Göttingen,28161875,85.0
755,2021-04-13,Viola Vogt,F,dowergsepp@gmail.com,Fürstenwalde,15107572,15.73
756,2021-01-26,Aleksej Seifert,M,auguste34@henschel.net,Marienberg,51609115,81.27
757,2021-03-30,Janko Scheel MBA.,F,zorbachpatrik@web.de,Mühlhausen,22278739,41.87
758,2021-02-20,Robin Gunpf,M,sebastian83@googlemail.com,Freital,84407979,30.72
759,2021-03-13,Arnulf Heintze B.Sc.,F,lholsten@hotmail.de,Reutlingen,42143376,74.41
760,2021-02-17,Renato Sorgatz,F,beckmannnatascha@yahoo.de,Schleiz,60121288,92.0
761,2021-01-24,Prof. Traugott Lange MBA.,F,karl-juergenmosemann@dussen.de,Bad Liebenwerda,38540486,84.67
762,2021-06-15,Dipl.-Ing. Olaf Haering MBA.,M,jsauer@web.de,Biedenkopf,67864454,54.59
763,2021-02-10,Erwin Roskoth,F,leonid93@hermighausen.de,Waren,64492308,37.9
764,2021-02-04,Vadim Lehmann,F,ikrein@junken.net,Forchheim,11146025,40.7
765,2021-03-02,Ing. Erkan Eigenwillig,M,miodragmohaupt@web.de,Wittstock,69912986,26.24
766,2021-07-29,Frau Katherina Pruschke B.Eng.,F,suserohleder@eberhardt.net,Naila,74253869,3.72
767,2021-06-30,Karl-August Ehlert,M,roerrichtroselinde@vollbrecht.com,Wittmund,56514735,34.98
768,2021-03-30,Sieghard Ziegert,F,clemens28@gmx.de,Pinneberg,76526244,54.79
769,2021-02-05,Dorit Sager B.A.,F,jjockel@gmx.de,Bamberg,14142352,84.58
770,2021-03-28,Hans D. Säuberlich,M,anettekusch@hettner.de,Erbisdorf,63116618,11.65
771,2021-03-15,Caterina Mühle,F,mahmoud39@kabus.de,Jüterbog,40112848,68.37
772,2021-02-08,Krista Etzold,M,cgirschner@gmx.de,Naila,78573260,55.63
773,2021-06-29,Folkert Walter,F,juliastroh@web.de,Erding,22526151,58.3
774,2021-03-23,Carola Stumpf,M,gutknechttatiana@schacht.de,Waldmünchen,01131291,28.47
775,2021-04-23,Inna Bähr,M,werneckemarten@roht.de,Eckernförde,76876080,37.59
776,2021-03-19,Gaetano Römer,F,edward62@googlemail.com,Amberg,10542972,49.18
777,2021-08-02,Hildegund Junk,F,peukerthans-albert@jaekel.com,Perleberg,33815268,87.86
778,2021-02-14,Patricia Scholz MBA.,F,nbeckmann@googlemail.com,Dresden,52054631,47.48
779,2021-07-11,Ulrich Pölitz-Schlosser,F,mielcarekmohamed@hettner.com,Hoyerswerda,37391881,92.67
780,2021-04-19,Swen Mentzel B.Eng.,M,selma50@hotmail.de,Schwäbisch Hall,92618244,35.58
781,2021-06-08,Muzaffer Schulz,F,klaus-juergen32@johann.de,Sondershausen,22436542,79.24
782,2021-02-08,Nuray Berger-Lübs,F,gerd72@gmx.de,Freising,04768876,85.62
783,2021-01-08,Stavros Mälzer,F,gorlitzeggert@schoenland.de,Nabburg,86501989,9.67
784,2021-06-01,Elise Schleich,F,olavbruder@hande.de,Stade,05431373,89.1
785,2021-03-21,Dr. Joanna Löchel MBA.,F,hertrampfgalina@yahoo.de,Ludwigslust,34459591,11.69
786,2021-06-17,Anneli Kühnert,F,rcarsten@foerster.de,Hainichen,45000720,47.1
787,2021-08-06,Slavica Neureuther,M,ida47@googlemail.com,Kyritz,32467789,75.53
788,2021-01-31,Isabelle Bruder,M,ludwigputz@eckbauer.com,Zschopau,72240847,53.42
789,2021-04-25,Prof. Rosa-Maria Koch II B.Eng.,F,hhuhn@biggen.de,Schleiz,51988302,73.89
790,2021-04-19,Dipl.-Ing. Renata Ullrich B.A.,F,kathykaul@hecker.org,Aschaffenburg,51787349,1.82
791,2021-03-05,Renato Mitschke,F,marie-thereshentschel@hartmann.com,Klötze,61510487,30.96
792,2021-02-11,Abdullah Gieß,M,isaweihmann@etzler.de,Finsterwalde,07536625,39.51
793,2021-01-28,Prof. Elenore Freudenberger,M,ricarda48@harloff.net,Germersheim,23731516,38.65
794,2021-02-13,Irmgard Winkler-Mende,M,werneckemelanie@zirme.com,Jessen,83251542,74.66
795,2021-02-10,Harri Rosemann,M,xcarsten@gmx.de,Riesa,34902455,79.74
796,2021-02-07,Stavros Atzler MBA.,F,strommler@thies.com,Bautzen,76294402,82.81
797,2021-06-30,Gerta Tröst,F,konradriehl@gmail.com,Tirschenreuth,62201940,77.42
798,2021-07-25,Stilla Stoll,F,reinhilde28@sauer.com,Grevesmühlen,30576933,27.11
799,2021-07-31,Jacob Reising MBA.,F,stellapieper@schlosser.com,Klötze,55104579,4.11
800,2021-05-16,Marianna Hethur B.A.,F,josefdoehn@hettner.com,Zossen,66471028,72.69
801,2021-02-12,Annerose Kobelt,M,rene15@hotmail.de,Zschopau,80138372,61.6
802,2021-03-20,Stefani Neuschäfer,M,milica57@scholl.com,Schleiz,41148068,45.18
803,2021-07-17,Evelyne Dehmel,F,cemilbaerer@mude.com,Holzminden,16479128,47.82
804,2021-01-29,Lili Stiffel,F,tanjathanel@gmx.de,Worbis,04665212,58.99
805,2021-01-08,Edda Säuberlich,F,praedel@kohl.de,Rehau,74692453,60.34
806,2021-04-19,Margareta Römer,F,guenter09@giess.com,Hohenmölsen,98823291,80.6
807,2021-02-24,Herr Karl-Peter Bloch,M,aleksandra03@gmail.com,Delitzsch,93939935,56.7
808,2021-03-08,Othmar Trüb,F,sagerrichard@hotmail.de,Greifswald,92869516,69.48
809,2021-04-06,Herr Traugott Rogner B.Eng.,F,schusterwalli@hofmann.de,Rothenburg ob der Tauber,64910253,26.48
810,2021-06-03,Prof. Alexander Hendriks B.Sc.,F,traugotthesse@knappe.com,Rottweil,98048939,32.98
811,2021-01-31,Danica Keudel-Ernst,F,carina11@yahoo.de,Wunsiedel,96528075,27.27
812,2021-08-03,Univ.Prof. Rosalinde Hein B.Eng.,F,scheibebrian@zahn.com,Roding,89260869,56.24
813,2021-01-07,Ing. Marie-Luise Klapp MBA.,F,hillerlucie@web.de,Germersheim,51494834,69.14
814,2021-03-18,Arnfried Mans B.Eng.,M,claas97@henck.de,Darmstadt,65916087,88.9
815,2021-02-24,Prof. Frida Sager,M,ortrud99@zaenker.com,Eberswalde,07922466,97.61
816,2021-04-11,Dr. Zeynep Pergande B.Sc.,M,alidadietz@googlemail.com,Wertingen,78208506,77.5
817,2021-04-18,Frederike Wulff,M,inkenhaering@scheuermann.com,Königs Wusterhausen,78174214,17.73
818,2021-01-20,Mattias Rogge,M,rosa47@otto.de,Höxter,68392567,21.59
819,2021-05-13,Ing. Mijo Salz B.Eng.,M,nkrause@heidrich.com,Diepholz,97010043,32.73
820,2021-06-02,Herr Heinz-Günther Dörr,F,frederikeweinhold@hering.de,Soltau,28422303,48.8
821,2021-02-16,Kira Nerger-Hertrampf,F,jochemfroehlich@staude.de,Weißwasser,74497225,41.26
822,2021-04-11,Univ.Prof. Christiana Schleich MBA.,M,steydietlind@aol.de,Nordhausen,97064732,76.86
823,2021-03-21,Dr. Karin Etzold,F,kay-uwe15@gmail.com,Ilmenau,58675106,25.74
824,2021-07-10,Piotr Holsten-Schüler,M,stephenetzold@bolzmann.org,Fulda,68080143,9.41
825,2021-03-12,Univ.Prof. Richard Hölzenbecher B.Eng.,F,jozef77@siering.com,Wittmund,95950372,97.7
826,2021-08-09,Zdravko Mosemann MBA.,M,daniele50@aol.de,Pößneck,44636951,8.46
827,2021-02-13,Nadja Renner-Zorbach,F,gudulaullrich@hotmail.de,Strasburg,19535999,22.67
828,2021-02-03,Hülya Dobes B.A.,F,ikitzmann@gmx.de,Nabburg,82502775,1.13
829,2021-01-19,Sieghard Gertz,F,ajaentsch@fliegner.com,Eilenburg,24424523,76.23
830,2021-07-05,Monika Lindner,F,aumannklaus-guenter@neuschaefer.de,Pößneck,44044848,89.71
831,2021-01-29,Wolf-Dieter Meister,F,dbonbach@taesche.de,Stadtroda,55316156,34.52
832,2021-01-04,Birger Rogner,M,ivana15@hotmail.de,Bremen,01157093,8.2
833,2021-02-17,Ing. Britta Loos,M,qniemeier@gmx.de,Torgau,32957631,38.32
834,2021-07-24,Univ.Prof. Christiane Karz,M,xkroker@dussen.net,Mühldorf am Inn,95477374,75.7
835,2021-07-10,Dierk Schottin,M,dinaschleich@googlemail.com,Berchtesgaden,72822234,2.47
836,2021-07-06,Dan Döring,F,salih34@googlemail.com,Rehau,62561778,3.53
837,2021-01-17,Hans-Dieter Becker-Baum,M,wohlgemutevelyne@yahoo.de,Kassel,35711735,60.27
838,2021-05-28,Hans-Dieter Scholtz,M,drewesdiethard@googlemail.com,Holzminden,21952302,84.72
839,2021-02-10,Prof. Kreszentia Rosenow B.A.,M,jmuehle@biggen.de,Schrobenhausen,65684160,24.2
840,2021-06-23,Hans-Peter Stroh-Junk,M,klaus-guenterschaaf@hesse.com,Jülich,72635025,17.6
841,2021-03-17,Jozef Staude,M,pmueller@siering.net,Weimar,80210214,32.15
842,2021-08-07,Timm Bauer,F,mary58@mueller.net,Crailsheim,88983943,15.21
843,2021-07-30,Thorben Otto-Römer,F,asteinberg@yahoo.de,Osterburg,37984991,44.38
844,2021-02-16,Dr. Simona Lindner B.Sc.,M,giovanni55@hess.com,Hagenow,61934030,65.28
845,2021-04-30,Dr. Ignaz Knappe B.Eng.,M,hmuehle@gmx.de,Kehl,13366988,40.93
846,2021-03-29,Rabea Sauer,F,irmageissler@haering.de,Eisenberg,68658038,15.2
847,2021-04-06,Jens Henck,F,hoevelbenjamin@schomber.com,Stade,95148816,79.8
848,2021-07-25,Herr Ditmar Atzler B.Sc.,F,jopichguenther@ruppert.de,Wismar,79903547,40.31
849,2021-07-18,Dittmar Röhrdanz,M,kunibertwernecke@kitzmann.com,Luckenwalde,98938353,62.42
850,2021-03-23,Ekaterina Schaaf,F,nbeer@junk.com,Stade,09506763,2.11
851,2021-05-23,Anka Höfig,M,mhesse@plath.org,Erbisdorf,90086922,97.38
852,2021-03-19,Wilhelmine Dippel,M,izahn@hecker.com,Fürstenwalde,12320349,9.32
853,2021-07-03,Olivia Nohlmans,F,karzwiltrud@gmail.com,Nordhausen,68163891,58.12
854,2021-01-29,Aleksandr Becker,F,fhoerle@henschel.de,Böblingen,13355043,12.73
855,2021-05-29,Lissi Schuchhardt,M,heididoerr@gmx.de,Stade,05735655,10.76
856,2021-07-10,Eileen Stiffel,F,zekijacobi-jaeckel@gerlach.de,Weißwasser,77569226,55.69
857,2021-01-03,Gernot Hermighausen,M,heinijunken@yahoo.de,Lübben,90310843,17.35
858,2021-05-03,Ing. Guntram van der Dussen,F,carinetzler@gmail.com,Schwerin,69724152,56.7
859,2021-02-25,Rosalinde Huhn B.A.,F,richard77@baum.com,Meißen,00405669,38.49
860,2021-01-16,Marvin Benthin,F,koch-iiheinz-otto@hermann.com,Finsterwalde,35167051,32.18
861,2021-01-18,Helge Noack B.Eng.,M,mijohettner@aol.de,Bayreuth,34836927,9.12
862,2021-04-07,Ioannis Walter,F,bachmannantonio@baerer.com,Burg,24460200,58.49
863,2021-02-27,Steffen Eckbauer B.A.,F,violareichmann@lorch.org,Hettstedt,44906375,58.75
864,2021-01-20,Dipl.-Ing. Philipp Wohlgemut B.Eng.,M,gertbiggen@gmail.com,Aachen,18468229,53.26
865,2021-02-01,Hanno Zirme,F,reingard54@hiller.de,Bautzen,11088059,18.58
866,2021-06-07,Beate Schlosser,F,metzleyla@hotmail.de,Hamburg,01834758,31.24
867,2021-02-07,Songül auch Schlauchin,F,bfreudenberger@aol.de,Bad Liebenwerda,30630406,34.18
868,2021-04-22,Vito Wesack,M,adolfinekusch@gmx.de,Ravensburg,52880599,69.32
869,2021-06-29,Hinrich Ruppert B.Eng.,F,qheinz@gmail.com,Rosenheim,12557196,7.24
870,2021-06-27,Heinz-Josef Kostolzin,M,klaus-ulrich88@googlemail.com,Perleberg,93945929,71.79
871,2021-01-28,Almuth Löwer,M,janinebarth@gmail.com,Eckernförde,54881075,48.57
872,2021-04-17,Florence Fröhlich,F,gildaschaefer@gmail.com,Schwäbisch Hall,80228271,22.9
873,2021-03-15,Klaas Lorch-Geisler,M,kflantz@googlemail.com,Hagenow,34710494,4.8
874,2021-03-16,Anika Schacht,M,inna01@googlemail.com,Uelzen,51601836,35.73
875,2021-06-29,Ing. Michail Kallert,F,ybutte@lindner.com,Osterburg,32158199,42.3
876,2021-03-18,Czeslaw Börner-Liebelt,M,casparmarion@heidrich.com,Büsingen am Hochrhein,75905910,39.37
877,2021-05-08,Irmengard Jäntsch,M,farukkoester@web.de,Rastatt,38519505,2.76
878,2021-02-22,Herr Hans-Günther Mielcarek MBA.,M,damaris66@gmail.com,Wurzen,59006060,76.22
879,2021-04-22,Prof. Eckhard Mangold MBA.,M,cemilwilms@losekann.de,Cuxhaven,10324646,60.91
880,2021-05-30,Ing. Juan Trapp,M,annelie76@oderwald.com,Säckingen,52915499,90.8
881,2021-02-10,Rigo Trubin,M,akallert@pechel.com,Viersen,01866339,80.58
882,2021-04-01,Alexandre Röhricht,M,jonas90@gmx.de,Mayen,74118205,78.86
883,2021-06-09,Albrecht Stiffel,M,baehrklaus@harloff.de,Torgau,55764902,41.36
884,2021-04-27,Reinhart Reinhardt-Gutknecht,M,camillamaelzer@stey.com,Vechta,31917681,83.81
885,2021-05-11,Maurice Hering B.Sc.,F,sinajunck@gmail.com,Miesbach,99556686,54.62
886,2021-05-16,Eric Krein,M,pechelheimo@aol.de,Kitzingen,43553228,37.0
887,2021-02-10,Univ.Prof. Almut Bolzmann B.Sc.,F,janna24@aol.de,Hildesheim,76410512,60.2
888,2021-03-18,Frau Grazyna Gertz,M,aynur36@bonbach.com,Schweinfurt,72801857,95.54
889,2021-07-07,Sigismund Christoph,M,burkhardtbutte@moechlichen.de,Amberg,83370359,87.96
890,2021-02-16,Dennis Reichmann,F,ssiering@hotmail.de,Zeulenroda,73860617,32.8
891,2021-06-26,Dr. Friedemann Steinberg,M,vhornich@yahoo.de,Bremen,96839690,33.18
892,2021-02-27,Ronald Schleich,M,mangoldmato@gmx.de,Bützow,90054112,41.25
893,2021-04-15,Karl-Peter Boucsein-Karge,M,schenkbela@gmail.com,Arnstadt,73916505,12.18
894,2021-04-01,Felicia Jähn,M,irenedowerg@ebert.de,Apolda,96261606,17.31
895,2021-03-31,Nadia Becker B.Sc.,F,friedrich37@jacobi.de,Brand,27874615,31.7
896,2021-06-10,Frau Marleen Zimmer B.Eng.,F,thaddaeusloeffler@gmx.de,Nördlingen,07808241,68.46
897,2021-04-13,Heinz-Werner Weinhage,F,aanders@yahoo.de,Bad Freienwalde,77694539,94.23
898,2021-03-06,Danielle Bloch,F,bauerismet@henk.com,Quedlinburg,94555400,48.23
899,2021-01-31,Alfredo Freudenberger,M,alexei71@web.de,Genthin,81340156,88.93
900,2021-03-28,Karl-August Bruder B.A.,M,herrmannroberto@googlemail.com,Erding,67839933,50.16
901,2021-03-22,Gabriel Martin,F,michaele55@yahoo.de,Senftenberg,81979417,99.1
902,2021-01-09,Prof. Karla Geisler,F,aschulz@steckel.com,Goslar,15247162,45.7
903,2021-03-30,Violetta Haase,M,attilalosekann@bluemel.com,Bischofswerda,30519985,27.36
904,2021-06-17,Irmela Kraushaar-Krein,M,ferencholsten@stiffel.org,Eisleben,28482093,98.2
905,2021-06-18,Raphaela Neureuther,M,lbaum@gmail.com,Strasburg,91534149,21.6
906,2021-03-18,Klara Speer,M,fatma50@hotmail.de,Eilenburg,10162538,12.37
907,2021-04-11,Maya Fiebig,F,warmerivana@web.de,Sebnitz,36903948,24.31
908,2021-08-09,Barbara Stroh-Hartung,F,bienfrancoise@gmail.com,Neustadtner Waldnaab,50864959,13.21
909,2021-02-16,Antonietta Mielcarek,M,giovanna27@krause.org,Schweinfurt,34033401,35.89
910,2021-03-03,Elke Vogt-Wirth,F,aumanncarmela@yahoo.de,Zeulenroda,04346845,89.82
911,2021-03-31,Dr. Reinhart Mangold B.Eng.,F,jerzykensy@putz.com,Schwäbisch Hall,56557534,13.39
912,2021-04-01,Hülya Sontag,F,elise26@yahoo.de,Eckernförde,45114250,46.16
913,2021-05-09,Albina Geisel,M,axelwarmer@doehn.net,Rothenburg ob der Tauber,38887932,47.29
914,2021-03-19,Prof. Patrik Rädel MBA.,F,roderich35@renner.de,Soltau,13445379,98.34
915,2021-01-07,Uli Kreusel-Tlustek,M,pius20@aol.de,Pinneberg,70843774,32.4
916,2021-05-15,Daria Heinrich B.Sc.,M,oneureuther@haering.de,Bad Kissingen,00584593,46.85
917,2021-05-27,Bartholomäus Schlosser,M,jmies@web.de,Eisenach,67565993,13.38
918,2021-05-20,Tilmann Juncken,M,veronica54@hotmail.de,Burg,71327129,25.76
919,2021-03-04,Paul-Gerhard Reinhardt,M,antje05@stiebitz.de,Stendal,82203023,29.75
920,2021-01-08,Lissy Sauer B.Sc.,M,abraham42@kobelt.org,Beeskow,55393676,77.85
921,2021-01-04,Dr. Melitta Mude,M,gretl33@kroker.de,Spremberg,20305901,11.29
922,2021-06-22,Mark Kallert B.Sc.,M,fotto@beckmann.com,Schwandorf,31408684,34.7
923,2021-06-26,Annedore Butte,M,gisaschenk@schueler.net,Sangerhausen,82736705,93.22
924,2021-05-31,Herr Erkan Wulf,M,schwitalmarc@googlemail.com,Zschopau,29099320,34.41
925,2021-01-27,Univ.Prof. Gabriella Röhricht B.Eng.,F,madlen43@gmx.de,Mittweida,98576104,98.2
926,2021-01-27,Herr Jobst Höfig B.Eng.,M,carmelo67@loos.com,Jülich,40248363,45.37
927,2021-05-11,Emmerich Lange,M,gorlitzotto@preiss.de,Rostock,11172468,79.34
928,2021-07-30,Dr. Bodo Conradi B.Sc.,F,jacobcordula@bloch.com,Regensburg,05787913,34.5
929,2021-07-03,Clara Etzler-Gerlach,M,karl-wernerpoelitz@walter.com,Genthin,50476183,54.2
930,2021-06-11,Dorothee Meyer,F,ludmilawilmsen@aol.de,Grafenau,71972176,67.33
931,2021-03-02,Emil Juncken,M,hillerdanuta@googlemail.com,Ebersberg,53662156,94.5
932,2021-05-04,Patrik Weinhold B.Eng.,F,paola88@gmail.com,Brilon,89270578,4.5
933,2021-05-22,Frieda Schweitzer,M,kpatberg@gmail.com,Gadebusch,76940569,11.8
934,2021-05-27,Frau Änne Trub,F,gutetatiana@gmx.de,Forchheim,03822821,69.95
935,2021-03-25,Alma Holt,M,astiffel@gmail.com,Artern,05468188,87.55
936,2021-07-06,Univ.Prof. Toralf Roht MBA.,M,leifroemer@aol.de,Heiligenstadt,49208108,53.7
937,2021-05-05,Gisela Warmer,M,donata67@web.de,Görlitz,08456304,28.98
938,2021-06-30,Ing. Claudia Hahn,F,urbanstadelmann@stahr.de,Büsingen am Hochrhein,34189962,5.99
939,2021-01-28,Trudel Schmidtke,M,ingrideckbauer@gmx.de,Havelberg,05559343,21.99
940,2021-04-01,Nikola Geisel,F,meryem23@gmx.de,Eisenach,28799924,8.63
941,2021-02-23,Elsbeth Beyer,M,dietlindepreiss@hecker.org,Kleve,09713987,41.74
942,2021-06-07,Andy Mans,F,pnohlmans@loechel.de,Säckingen,27307526,80.46
943,2021-07-06,Dipl.-Ing. Lucia Thanel B.A.,F,martinrudolf@dippel.org,Starnberg,09991040,32.32
944,2021-02-16,Prof. Sylwia Faust,F,donata47@yahoo.de,Dieburg,12414000,37.49
945,2021-02-20,Maria-Luise Seip MBA.,F,wencke94@oderwald.de,Germersheim,93337229,31.29
946,2021-07-19,Cathrin Finke,M,ahoerle@yahoo.de,Vohenstrauß,45668791,28.97
947,2021-08-02,Norbert Mangold,M,jschmiedt@ullmann.com,Bergzabern,88130231,5.7
948,2021-05-05,Herr Attila Thanel,F,trappkarl-hermann@gmail.com,Hünfeld,23393677,14.73
949,2021-02-12,Ing. Mariechen Gertz,F,ekkehartwende@schuchhardt.de,Schwarzenberg,26966212,66.79
950,2021-03-20,Edith Plath,F,rustgiuseppe@gmx.de,Nordhausen,22088604,18.15
951,2021-08-08,Gitta auch Schlauchin,F,rthanel@web.de,Schwarzenberg,65419670,48.21
952,2021-06-06,Alwina Ackermann,M,klaerejuncken@trub.org,Eisleben,88679495,86.9
953,2021-02-13,Ing. Myriam Salz B.Eng.,M,baererbjoern@googlemail.com,Olpe,41229576,5.86
954,2021-01-24,Lene Gieß,F,halilstiebitz@web.de,Bischofswerda,65690093,37.66
955,2021-03-11,Christiane Ackermann-Döring,F,galina05@hotmail.de,Moers,92187122,58.84
956,2021-03-14,Magrit Geißler,F,brigittahesse@gmail.com,Tübingen,51964016,79.36
957,2021-07-07,Mirja Peukert-Textor,F,krokerkarl-ludwig@aol.de,Fürstenfeldbruck,32420906,33.27
958,2021-04-21,Reingard Flantz,F,tomislav59@aol.de,Monschau,80651314,63.41
959,2021-01-15,Prof. Romy Klingelhöfer,F,diethard93@aol.de,Wetzlar,52110443,14.17
960,2021-04-11,Kazim Lehmann,M,recep32@aol.de,Hamburg,34481981,79.6
961,2021-03-30,Dina Tröst,F,fmuelichen@oderwald.net,Warendorf,22512239,59.3
962,2021-04-21,Dipl.-Ing. Reni Anders,M,buchholzkarl-heinrich@faust.com,Lippstadt,45657092,37.2
963,2021-08-07,Nikolaj Hamann,F,jockelluitgard@maelzer.de,Kassel,12711475,15.67
964,2021-01-11,Justine Beyer,F,vincent20@gmx.de,Holzminden,21416477,43.31
965,2021-03-18,Arnold Schweitzer,F,mitschkeljiljana@yahoo.de,Wolfenbüttel,96189313,93.31
966,2021-06-29,Univ.Prof. Antje Wagenknecht B.A.,F,mosemanningelore@jessel.com,Heinsberg,03283035,65.81
967,2021-04-05,Herr Aleksandr Hahn MBA.,F,spiessaloisia@aol.de,Oschatz,33477718,79.7
968,2021-02-13,Tomislav Dowerg-Trapp,F,fjopich@eimer.com,Vohenstrauß,18866032,32.48
969,2021-04-25,Jörg Loos B.Eng.,F,maritkaul@liebelt.com,Hohenmölsen,34419816,6.49
970,2021-01-23,Prof. Kristina Benthin,M,till93@gmx.de,Parsberg,52578113,66.76
971,2021-04-23,Prof. Wolf Zimmer,M,carlos64@rust.de,Schwandorf,26680347,33.1
972,2021-01-28,Kornelius Linke,M,ualbers@meister.de,Wesel,01086454,79.92
973,2021-03-16,Dipl.-Ing. Sedat Gierschner B.Eng.,F,halina10@yahoo.de,Oranienburg,86894845,58.3
974,2021-01-31,Cemil Kitzmann,M,felicitas26@hess.org,Celle,99015497,67.69
975,2021-03-20,Monica Kallert,M,brunhildegeissler@scheibe.org,Burgdorf,52393976,22.24
976,2021-02-07,Maria-Luise Röhrdanz-Kraushaar,M,frankelaila@gmx.de,Darmstadt,34161517,6.63
977,2021-04-02,Frieda Zorbach,M,hansjuergenhaering@kade.com,Starnberg,77367433,84.51
978,2021-07-04,Kay-Uwe Fiebig,F,bonbachliesa@hartung.de,Emmendingen,81581085,18.67
979,2021-08-09,Kay-Uwe Huhn,M,sfiebig@ruppersberger.net,Mittweida,33208756,42.69
980,2021-08-04,Ing. Milica Kitzmann,M,huhnhermann@yahoo.de,Lobenstein,45376207,41.92
981,2021-07-20,Dr. Carla Sölzer MBA.,M,anjaharloff@hotmail.de,Vechta,29311897,44.29
982,2021-01-04,Rita Schäfer,M,zorbachpascal@googlemail.com,Luckenwalde,28371137,61.86
983,2021-07-25,Catharina Hendriks,M,pmartin@schuster.net,Rostock,67321308,93.32
984,2021-06-07,Felicitas Bolnbach,M,wojciech53@schenk.de,Werdau,81759163,28.98
985,2021-07-28,Egbert Caspar,M,agnieszka58@klotz.com,Aue,08007971,98.88
986,2021-03-12,Arzu Fiebig,M,emiliahoevel@aol.de,Fürstenwalde,05906178,34.82
987,2021-06-03,Paul Hartung,M,cornelius61@hotmail.de,Pritzwalk,55400268,86.97
988,2021-01-06,Natalja Geisler MBA.,F,zahnraisa@rudolph.com,Fallingbostel,95922744,63.3
989,2021-04-15,Sedat Höfig,F,cwarmer@dippel.net,Arnstadt,70725155,67.44
990,2021-01-10,Eckhardt Rudolph,M,vkusch@aol.de,Rothenburg ob der Tauber,36267217,15.98
991,2021-04-15,Beata Gröttner,F,heideroseeimer@rosenow.com,Cuxhaven,26834887,9.98
992,2021-06-25,Carlo Ruppersberger-Butte,M,lbauer@gmail.com,Darmstadt,91467201,60.65
993,2021-06-23,Silvana Schüler-Wesack,F,stroheleonora@saeuberlich.com,Ahaus,98784561,6.42
994,2021-02-13,Susanna Röhricht,M,maurizio31@fiebig.de,Schrobenhausen,16618428,5.74
995,2021-05-14,Matteo auch Schlauchin MBA.,M,aloys55@hauffer.com,Fallingbostel,48560610,92.22
996,2021-04-30,Jörgen Kramer,M,concettagerlach@seidel.com,Recklinghausen,73321828,47.4
997,2021-07-29,Prof. Hans-Wilhelm Schäfer MBA.,M,guntram32@web.de,Borna,04941859,98.8
998,2021-07-18,Herr Hardy Mitschke B.Eng.,M,margaretheweller@gmail.com,Strausberg,40202648,19.9
999,2021-03-12,Alf Dowerg,F,elfi23@wilmsen.de,Konstanz,90937811,53.21
